-- MariaDB dump 10.19  Distrib 10.4.27-MariaDB, for Win64 (AMD64)
--
-- Host: localhost    Database: bsd_api_dms_member
-- ------------------------------------------------------
-- Server version	10.4.27-MariaDB

/*!40101 SET @OLD_CHARACTER_SET_CLIENT=@@CHARACTER_SET_CLIENT */;
/*!40101 SET @OLD_CHARACTER_SET_RESULTS=@@CHARACTER_SET_RESULTS */;
/*!40101 SET @OLD_COLLATION_CONNECTION=@@COLLATION_CONNECTION */;
/*!40101 SET NAMES utf8mb4 */;
/*!40103 SET @OLD_TIME_ZONE=@@TIME_ZONE */;
/*!40103 SET TIME_ZONE='+00:00' */;
/*!40014 SET @OLD_UNIQUE_CHECKS=@@UNIQUE_CHECKS, UNIQUE_CHECKS=0 */;
/*!40014 SET @OLD_FOREIGN_KEY_CHECKS=@@FOREIGN_KEY_CHECKS, FOREIGN_KEY_CHECKS=0 */;
/*!40101 SET @OLD_SQL_MODE=@@SQL_MODE, SQL_MODE='NO_AUTO_VALUE_ON_ZERO' */;
/*!40111 SET @OLD_SQL_NOTES=@@SQL_NOTES, SQL_NOTES=0 */;

--
-- Table structure for table `tb_brand`
--

DROP TABLE IF EXISTS `tb_brand`;
/*!40101 SET @saved_cs_client     = @@character_set_client */;
/*!40101 SET character_set_client = utf8 */;
CREATE TABLE `tb_brand` (
  `tbb_id` int(11) NOT NULL AUTO_INCREMENT,
  `tbb_create_date` datetime DEFAULT NULL,
  `tbb_create_id` int(11) DEFAULT NULL,
  `tbb_update_date` datetime DEFAULT NULL,
  `tbb_update_id` int(11) DEFAULT NULL,
  `tbb_brand_id` varchar(5) DEFAULT NULL,
  `tbb_brand` varchar(255) DEFAULT NULL,
  PRIMARY KEY (`tbb_id`),
  KEY `tb_brand_tbb_brand_id_index` (`tbb_brand_id`) USING BTREE,
  KEY `tb_brand_tbb_brand_index` (`tbb_brand`) USING BTREE
) ENGINE=InnoDB AUTO_INCREMENT=4 DEFAULT CHARSET=utf8mb4 COLLATE=utf8mb4_general_ci;
/*!40101 SET character_set_client = @saved_cs_client */;

--
-- Dumping data for table `tb_brand`
--

LOCK TABLES `tb_brand` WRITE;
/*!40000 ALTER TABLE `tb_brand` DISABLE KEYS */;
INSERT INTO `tb_brand` VALUES (2,'2024-05-05 07:13:44',173,NULL,NULL,'ROXYR','ROXY'),(3,'2023-12-05 03:23:44',1,NULL,NULL,'MAMAS','Mamasuka');
/*!40000 ALTER TABLE `tb_brand` ENABLE KEYS */;
UNLOCK TABLES;

--
-- Table structure for table `tb_menu`
--

DROP TABLE IF EXISTS `tb_menu`;
/*!40101 SET @saved_cs_client     = @@character_set_client */;
/*!40101 SET character_set_client = utf8 */;
CREATE TABLE `tb_menu` (
  `tbm_id` int(11) NOT NULL AUTO_INCREMENT,
  `tbm_create_date` datetime DEFAULT NULL,
  `tbm_create_id` int(11) DEFAULT NULL,
  `tbm_update_date` datetime DEFAULT NULL,
  `tbm_update_id` int(11) DEFAULT NULL,
  `tbm_name` varchar(255) DEFAULT NULL,
  `tbm_sort` int(11) DEFAULT NULL,
  PRIMARY KEY (`tbm_id`)
) ENGINE=InnoDB AUTO_INCREMENT=10 DEFAULT CHARSET=utf8mb4 COLLATE=utf8mb4_general_ci;
/*!40101 SET character_set_client = @saved_cs_client */;

--
-- Dumping data for table `tb_menu`
--

LOCK TABLES `tb_menu` WRITE;
/*!40000 ALTER TABLE `tb_menu` DISABLE KEYS */;
INSERT INTO `tb_menu` VALUES (1,'2021-07-31 15:26:21',0,NULL,NULL,'Product',2),(2,'2021-07-31 15:26:21',0,NULL,NULL,'Order',4),(3,'2021-07-31 15:26:21',0,NULL,NULL,'Packing',5),(4,'2021-07-31 15:26:21',0,NULL,NULL,'Confirm',6),(5,'2021-07-31 15:26:21',0,NULL,NULL,'Report',7),(6,'2021-07-31 15:26:21',0,NULL,NULL,'User',9),(7,'2021-07-31 15:26:21',0,NULL,NULL,'Market',8),(8,'2021-07-31 15:26:21',0,NULL,NULL,'Dashboard',1),(9,'2021-07-31 15:26:21',0,NULL,NULL,'Gwp',3);
/*!40000 ALTER TABLE `tb_menu` ENABLE KEYS */;
UNLOCK TABLES;

--
-- Table structure for table `tb_user`
--

DROP TABLE IF EXISTS `tb_user`;
/*!40101 SET @saved_cs_client     = @@character_set_client */;
/*!40101 SET character_set_client = utf8 */;
CREATE TABLE `tb_user` (
  `tbu_id` int(11) NOT NULL AUTO_INCREMENT,
  `tbu_create_date` datetime DEFAULT NULL,
  `tbu_create_id` int(11) DEFAULT NULL,
  `tbu_update_date` datetime DEFAULT NULL,
  `tbu_update_id` int(11) DEFAULT NULL,
  `tbu_email` varchar(255) DEFAULT NULL,
  `tbu_password` varchar(32) DEFAULT NULL,
  `tbu_firstname` varchar(100) DEFAULT NULL,
  `tbu_lastname` varchar(100) DEFAULT NULL,
  `tbu_mobile_phone` varchar(100) DEFAULT NULL,
  `tbu_place_of_birth` varchar(100) DEFAULT NULL,
  `tbu_date_of_birth` datetime DEFAULT NULL,
  `tbu_status` varchar(20) DEFAULT NULL,
  `tbu_uid` varchar(100) DEFAULT NULL,
  `tbu_photo` varchar(1000) DEFAULT NULL,
  `tbu_token_salt` varchar(36) DEFAULT NULL,
  `tbu_role` varchar(255) DEFAULT NULL,
  PRIMARY KEY (`tbu_id`),
  UNIQUE KEY `tb_user_tbu_email_uindex` (`tbu_email`),
  UNIQUE KEY `tb_user_tbu_uid_uindex` (`tbu_uid`),
  KEY `tb_user_tbu_status_index` (`tbu_status`),
  KEY `tb_user_tbu_password_index` (`tbu_password`),
  KEY `tb_user_tbu_firstname_index` (`tbu_firstname`),
  KEY `tb_user_tbu_lastname_index` (`tbu_lastname`),
  KEY `tb_user_tbu_token_salt_index` (`tbu_token_salt`),
  KEY `tb_user_tbu_role_index` (`tbu_role`)
) ENGINE=InnoDB AUTO_INCREMENT=180 DEFAULT CHARSET=utf8mb4 COLLATE=utf8mb4_general_ci;
/*!40101 SET character_set_client = @saved_cs_client */;

--
-- Dumping data for table `tb_user`
--

LOCK TABLES `tb_user` WRITE;
/*!40000 ALTER TABLE `tb_user` DISABLE KEYS */;
INSERT INTO `tb_user` VALUES (1,NULL,NULL,'2024-05-05 07:08:17',1,'admin@mail.com','202cb962ac59075b964b07152d234b70','admin','admin',NULL,NULL,NULL,'active',NULL,NULL,'de7dv6h87bp0c6v6x82wh6cfn57kkn13troh','ADMIN'),(176,'2023-12-17 15:37:52',1,'2024-05-02 01:49:11',176,'aicepusat@mail.com','202cb962ac59075b964b07152d234b70','aice','pusat',NULL,NULL,NULL,'active',NULL,NULL,'kp129p8xculpj2jvg5uf7hsnsvdc5eu6boib','PRINCIPAL'),(177,'2023-12-17 15:38:57',1,'2024-01-02 10:47:50',177,'user1@mail.com','202cb962ac59075b964b07152d234b70','user','satu',NULL,NULL,NULL,'active',NULL,NULL,'i046ykl8qyqwl2gey6bozit0j6uyl1kdhnkh','DISTRIBUTOR'),(178,'2023-12-17 15:39:24',1,'2023-12-19 10:17:57',1,'user2@mail.com','202cb962ac59075b964b07152d234b70','user','dua',NULL,NULL,NULL,'active',NULL,NULL,'2pp0zwztmom6tt18mbpm2fg0ib7qi4sl41jl','DISTRIBUTOR'),(179,'2024-05-05 07:08:45',1,'2024-05-05 07:20:26',179,'roxy1@mail.com','202cb962ac59075b964b07152d234b70','Roxy','Satu',NULL,NULL,NULL,'active',NULL,NULL,'sseokgarui9l8wio8rmg72i96zca9yprc9nm','PRINCIPAL');
/*!40000 ALTER TABLE `tb_user` ENABLE KEYS */;
UNLOCK TABLES;

--
-- Table structure for table `tb_user_brand`
--

DROP TABLE IF EXISTS `tb_user_brand`;
/*!40101 SET @saved_cs_client     = @@character_set_client */;
/*!40101 SET character_set_client = utf8 */;
CREATE TABLE `tb_user_brand` (
  `tbub_id` int(11) NOT NULL AUTO_INCREMENT,
  `tbub_create_date` datetime DEFAULT NULL,
  `tbub_create_id` int(11) DEFAULT NULL,
  `tbub_update_date` datetime DEFAULT NULL,
  `tbub_update_id` int(11) DEFAULT NULL,
  `tbu_id` int(11) DEFAULT NULL,
  `tbb_brand` varchar(255) DEFAULT NULL,
  `tbb_brand_id` varchar(5) DEFAULT NULL,
  `tbb_brand_check` int(11) DEFAULT NULL,
  PRIMARY KEY (`tbub_id`),
  KEY `tb_user_brand_tbu_id_index` (`tbu_id`),
  KEY `tb_user_brand_tbb_brand_index` (`tbb_brand`),
  KEY `tb_user_brand_tbb_brand_id_index` (`tbb_brand_id`),
  KEY `tb_user_brand_tbb_brand_check_index` (`tbb_brand_check`)
) ENGINE=InnoDB AUTO_INCREMENT=20 DEFAULT CHARSET=utf8mb4 COLLATE=utf8mb4_general_ci;
/*!40101 SET character_set_client = @saved_cs_client */;

--
-- Dumping data for table `tb_user_brand`
--

LOCK TABLES `tb_user_brand` WRITE;
/*!40000 ALTER TABLE `tb_user_brand` DISABLE KEYS */;
INSERT INTO `tb_user_brand` VALUES (1,'2023-12-17 15:38:03',170,NULL,NULL,1,'Aice','AICEA',1),(2,'2023-12-17 15:38:03',170,NULL,NULL,170,'Aice','AICEA',1),(10,'2023-12-19 10:17:39',1,NULL,NULL,176,'Aice','AICEA',1),(11,'2023-12-19 10:17:48',1,NULL,NULL,177,'Aice','AICEA',1),(12,'2023-12-19 10:17:57',1,NULL,NULL,178,'Aice','AICEA',1),(15,'2024-05-05 07:13:44',173,NULL,NULL,1,'ROXY','ROXYR',1),(16,'2024-05-05 07:13:44',173,NULL,NULL,173,'ROXY','ROXYR',1),(18,'2024-05-05 07:20:26',179,NULL,NULL,179,'Aice','AICEA',0),(19,'2024-05-05 07:20:26',179,NULL,NULL,179,'ROXY','ROXYR',1);
/*!40000 ALTER TABLE `tb_user_brand` ENABLE KEYS */;
UNLOCK TABLES;

--
-- Table structure for table `tb_user_market`
--

DROP TABLE IF EXISTS `tb_user_market`;
/*!40101 SET @saved_cs_client     = @@character_set_client */;
/*!40101 SET character_set_client = utf8 */;
CREATE TABLE `tb_user_market` (
  `tbum_id` int(11) NOT NULL AUTO_INCREMENT,
  `tbum_create_date` datetime DEFAULT NULL,
  `tbum_create_id` int(11) DEFAULT NULL,
  `tbum_update_date` datetime DEFAULT NULL,
  `tbum_update_id` int(11) DEFAULT NULL,
  `tbu_id` int(11) DEFAULT NULL,
  `tbm_market_id` varchar(255) DEFAULT NULL,
  `tbm_market_check` int(11) DEFAULT NULL,
  PRIMARY KEY (`tbum_id`),
  KEY `tb_user_market_tbu_id_index` (`tbu_id`),
  KEY `tb_user_market_tbm_market_index` (`tbm_market_id`),
  KEY `tb_user_market_tbm_market_check_index` (`tbm_market_check`)
) ENGINE=InnoDB AUTO_INCREMENT=1709 DEFAULT CHARSET=utf8mb4 COLLATE=utf8mb4_general_ci;
/*!40101 SET character_set_client = @saved_cs_client */;

--
-- Dumping data for table `tb_user_market`
--

LOCK TABLES `tb_user_market` WRITE;
/*!40000 ALTER TABLE `tb_user_market` DISABLE KEYS */;
INSERT INTO `tb_user_market` VALUES (899,'2023-12-19 10:17:39',1,NULL,NULL,176,'AICE PUSAT',1),(900,'2023-12-19 10:17:39',1,NULL,NULL,176,'CV. BINTANG KARYA ABADI - Pangkalan Bun',1),(901,'2023-12-19 10:17:39',1,NULL,NULL,176,'CV. Bintang Prima Sejati - Palangka Raya',1),(902,'2023-12-19 10:17:39',1,NULL,NULL,176,'CV. BLUE SKY SUCCES - Padang Bukit Tinggi',1),(903,'2023-12-19 10:17:39',1,NULL,NULL,176,'CV. CITRA MANDIRI - Palu',1),(904,'2023-12-19 10:17:39',1,NULL,NULL,176,'CV. GLOBAL SUKSES BERSAMA',1),(905,'2023-12-19 10:17:39',1,NULL,NULL,176,'CV. INDO JAYA MERDEKA - Dumai',1),(906,'2023-12-19 10:17:39',1,NULL,NULL,176,'CV. Intan Aice Food',1),(907,'2023-12-19 10:17:39',1,NULL,NULL,176,'CV. MAKMUR JAYA UNGGUL - Luwuk',1),(908,'2023-12-19 10:17:39',1,NULL,NULL,176,'CV. MEKAR LESTARI - Tembilahan',1),(909,'2023-12-19 10:17:39',1,NULL,NULL,176,'CV. MULTIRASA PRIMA - Lampung',1),(910,'2023-12-19 10:17:39',1,NULL,NULL,176,'CV. Prima Pelangi Rasa',1),(911,'2023-12-19 10:17:39',1,NULL,NULL,176,'PT. ABADI ICE CREAM MULTIRASA INDONESIA - Pekanbaru',1),(912,'2023-12-19 10:17:39',1,NULL,NULL,176,'PT. AKIRA KANAIK INDAH - Ciputat',1),(913,'2023-12-19 10:17:39',1,NULL,NULL,176,'PT. ALL DAY ICY - Klaten',1),(914,'2023-12-19 10:17:39',1,NULL,NULL,176,'PT. AMRATYA SAMUDERA PERKASA - Sorong',1),(915,'2023-12-19 10:17:39',1,NULL,NULL,176,'PT. ANEKA KARYA PRATAMA - Gorontalo',1),(916,'2023-12-19 10:17:39',1,NULL,NULL,176,'PT. ARATA JAYA MANDIRI - Buah Batu',1),(917,'2023-12-19 10:17:39',1,NULL,NULL,176,'PT. ARAZAAK MEGAH BERKAH - Jambi Modern Market',1),(918,'2023-12-19 10:17:39',1,NULL,NULL,176,'PT. ARTA BATAM CENDANA - Batam',1),(919,'2023-12-19 10:17:39',1,NULL,NULL,176,'PT. ARTA MILI AGUNG - Salatiga',1),(920,'2023-12-19 10:17:39',1,NULL,NULL,176,'PT. ARTHA MANDIRI GEMERLAP - Bekasi Modern Market',1),(921,'2023-12-19 10:17:39',1,NULL,NULL,176,'PT. ASCARYA SINAR KATULISTIWA - Tarakan',1),(922,'2023-12-19 10:17:39',1,NULL,NULL,176,'PT. ASIA NEW WORLD BUSINESS - Kediri',1),(923,'2023-12-19 10:17:39',1,NULL,NULL,176,'PT. BANJAR UTAMA ICECREAM - Banjarmasin',1),(924,'2023-12-19 10:17:39',1,NULL,NULL,176,'PT. BANYUWANGI ROYAL FOOD - Banyuwangi',1),(925,'2023-12-19 10:17:39',1,NULL,NULL,176,'PT. BING HAI INTERNATIONAL - Mojokerto',1),(926,'2023-12-19 10:17:39',1,NULL,NULL,176,'PT. BING XUEREN INTERNATIONAL - Gresik',1),(927,'2023-12-19 10:17:39',1,NULL,NULL,176,'PT. BIRU PERMATA NUSANTARA JAYA - Bengkulu',1),(928,'2023-12-19 10:17:39',1,NULL,NULL,176,'PT. BROTHER SAMUDRA SEJAHTERA - Purworejo',1),(929,'2023-12-19 10:17:39',1,NULL,NULL,176,'PT. CAHAYA BOGA DAIRYNDO - Bogor Modern Market',1),(930,'2023-12-19 10:17:39',1,NULL,NULL,176,'PT. CAKRAWALA SAMUDRA BIRU - Ternate',1),(931,'2023-12-19 10:17:39',1,NULL,NULL,176,'PT. CAPUNG MERAH NIAGA - Manado',1),(932,'2023-12-19 10:17:39',1,NULL,NULL,176,'PT. COOLING SHARE TRADING - Wonosobo',1),(933,'2023-12-19 10:17:39',1,NULL,NULL,176,'PT. DINGXIN BOGA INDONESIA - Tegal',1),(934,'2023-12-19 10:17:39',1,NULL,NULL,176,'PT. DONG FANG ZHI YIN - Pasuruan',1),(935,'2023-12-19 10:17:39',1,NULL,NULL,176,'PT. DOREMI ICE INDONESIA - Aceh',1),(936,'2023-12-19 10:17:39',1,NULL,NULL,176,'PT. FENGSHENG JAYA INDONESIA - Magelang',1),(937,'2023-12-19 10:17:39',1,NULL,NULL,176,'PT. FOUR CONTINENTAL TRADING - Jember',1),(938,'2023-12-19 10:17:39',1,NULL,NULL,176,'PT. GAYARI GLOBAL PERSADA - Medan MM',1),(939,'2023-12-19 10:17:39',1,NULL,NULL,176,'PT. GESNOW PENDO FOOD - Blitar',1),(940,'2023-12-19 10:17:39',1,NULL,NULL,176,'PT. GLOBAL ASIA HOME WORLD - Jombang',1),(941,'2023-12-19 10:17:39',1,NULL,NULL,176,'PT. GOLDEN ICE COOL - Probolinggo',1),(942,'2023-12-19 10:17:39',1,NULL,NULL,176,'PT. GOLDEN ICE COOL - Probolinggo 2',1),(943,'2023-12-19 10:17:39',1,NULL,NULL,176,'PT. GOLDEN SHIGOO FOODS - Subang',1),(944,'2023-12-19 10:17:39',1,NULL,NULL,176,'PT. GOOD AND NICE - Ujung Menteng',1),(945,'2023-12-19 10:17:39',1,NULL,NULL,176,'PT. HAO REN FOOD - Parigi',1),(946,'2023-12-19 10:17:39',1,NULL,NULL,176,'PT. HAPPY ICE CREAM - Ciamis',1),(947,'2023-12-19 10:17:39',1,NULL,NULL,176,'PT. HARAPAN EMAS NUSANTARA - Yogyakarta',1),(948,'2023-12-19 10:17:39',1,NULL,NULL,176,'PT. HASANAH MEGA CIPTA INDONESIA - Gowa',1),(949,'2023-12-19 10:17:39',1,NULL,NULL,176,'PT. HAVE VISION LIFE - Rantau Prapat',1),(950,'2023-12-19 10:17:39',1,NULL,NULL,176,'PT. HEALTHY AND DELICIOUS FOODS - Pamekasan',1),(951,'2023-12-19 10:17:39',1,NULL,NULL,176,'PT. HUA TONG ICE INDONESIA - Cilacap',1),(952,'2023-12-19 10:17:39',1,NULL,NULL,176,'PT. HUANG CHANG CHUN - Pematang Siantar',1),(953,'2023-12-19 10:17:39',1,NULL,NULL,176,'PT. HUI TONG GUO JII - Tulung Agung',1),(954,'2023-12-19 10:17:39',1,NULL,NULL,176,'PT. ICE CREAM NUSANTARA - Jaya Pura',1),(955,'2023-12-19 10:17:39',1,NULL,NULL,176,'PT. ICE CREAM YOULIKE - Daan Mogot',1),(956,'2023-12-19 10:17:39',1,NULL,NULL,176,'PT. ICE DREAMER ASIA - Lamongan',1),(957,'2023-12-19 10:17:39',1,NULL,NULL,176,'PT. ICE MAJU BERSAMA - Kupang',1),(958,'2023-12-19 10:17:39',1,NULL,NULL,176,'PT. INDAH GIAT BERSAMA - Ende',1),(959,'2023-12-19 10:17:39',1,NULL,NULL,176,'PT. INDO BALI SAMUDERA - Singaraja',1),(960,'2023-12-19 10:17:39',1,NULL,NULL,176,'PT. INDO MAI GOO - Malang',1),(961,'2023-12-19 10:17:39',1,NULL,NULL,176,'PT. INDO MUTIARA GEMILANG - Kudus',1),(962,'2023-12-19 10:17:39',1,NULL,NULL,176,'PT. JANUS GLOBAL TRADE - watampone',1),(963,'2023-12-19 10:17:39',1,NULL,NULL,176,'PT. JAYA ICE FOOD - Purwokerto',1),(964,'2023-12-19 10:17:39',1,NULL,NULL,176,'PT. JUMA TIGA SEANTERO - Kabanjahe',1),(965,'2023-12-19 10:17:39',1,NULL,NULL,176,'PT. JWL NIAGA INTERNATIONAL - Cikupa Tangerang',1),(966,'2023-12-19 10:17:39',1,NULL,NULL,176,'PT. KAPUAS INTAN TRASERNA FOOD - Singkawang',1),(967,'2023-12-19 10:17:39',1,NULL,NULL,176,'PT. KERAJAAN ICE INDONESIA - Pati',1),(968,'2023-12-19 10:17:39',1,NULL,NULL,176,'PT. KORINDO SUKSES ABADI - Surabaya',1),(969,'2023-12-19 10:17:39',1,NULL,NULL,176,'PT. KOTARAJA TANOH PUSAKA - Aceh Barat',1),(970,'2023-12-19 10:17:39',1,NULL,NULL,176,'PT. LIEN MAOYI INDONESIA - Purwakarta',1),(971,'2023-12-19 10:17:39',1,NULL,NULL,176,'PT. LIFA JAYA FOOD - Singkawang',1),(972,'2023-12-19 10:17:39',1,NULL,NULL,176,'PT. LISHENG TRADING INTERNATIONAL - Bojonegoro',1),(973,'2023-12-19 10:17:39',1,NULL,NULL,176,'PT. LOMBOK MULIA TERANG - Mataram',1),(974,'2023-12-19 10:17:39',1,NULL,NULL,176,'PT. LONG ICE SUCCESS INDONESIA - Grobongan',1),(975,'2023-12-19 10:17:39',1,NULL,NULL,176,'PT. MAKMUR SUKSES ABADI BERSAMA INDONESIA - Garut',1),(976,'2023-12-19 10:17:39',1,NULL,NULL,176,'PT. MAKMUR SUKSES ABADI BERSAMA INDONESIA - Tasikmalaya',1),(977,'2023-12-19 10:17:39',1,NULL,NULL,176,'PT. MEGA ELANG SUKSES - Sumbawa',1),(978,'2023-12-19 10:17:39',1,NULL,NULL,176,'PT. MEGA LOMBOK MANDIRI - Lombok Tengah',1),(979,'2023-12-19 10:17:39',1,NULL,NULL,176,'PT. MITRA PANGAN UTAMA - Kendari',1),(980,'2023-12-19 10:17:39',1,NULL,NULL,176,'PT. MULTIRASA JAYA BERSAMA - Rangkas Bitung',1),(981,'2023-12-19 10:17:39',1,NULL,NULL,176,'PT. MUSI DELICIOUS FOOD - Palembang',1),(982,'2023-12-19 10:17:39',1,NULL,NULL,176,'PT. PRAKARSA INDOCIPTA NUSANTARA - Polewali',1),(983,'2023-12-19 10:17:39',1,NULL,NULL,176,'PT. PROFIT FOODS TRADING -PASAR REBO',1),(984,'2023-12-19 10:17:39',1,NULL,NULL,176,'PT. PUSAKA ABADI FOOD - Sigli',1),(985,'2023-12-19 10:17:39',1,NULL,NULL,176,'PT. QUEEN ICE ASIA - Bangkalan',1),(986,'2023-12-19 10:17:39',1,NULL,NULL,176,'PT. RAJA ACEH MAKMUR - Aceh Timur',1),(987,'2023-12-19 10:17:39',1,NULL,NULL,176,'PT. RAJAWALI ASIA BALI - Bali',1),(988,'2023-12-19 10:17:39',1,NULL,NULL,176,'PT. REALLY DELICIOUS INDONESIA - Lumajang',1),(989,'2023-12-19 10:17:39',1,NULL,NULL,176,'PT. RUI XUE INTERNATIONAL - Sidoarjo',1),(990,'2023-12-19 10:17:39',1,NULL,NULL,176,'PT. SAMARINDA ANEKA FROZEN FOOD - Samarinda',1),(991,'2023-12-19 10:17:39',1,NULL,NULL,176,'PT. SENANG UNTUK BERBAGI - Wonogiri',1),(992,'2023-12-19 10:17:39',1,NULL,NULL,176,'PT. SENTOSA MEGA INDONESIA - Bulukumba',1),(993,'2023-12-19 10:17:39',1,NULL,NULL,176,'PT. SHENGLU ZANMEI INTERNATIONAL - Kenjeran',1),(994,'2023-12-19 10:17:39',1,NULL,NULL,176,'PT. SHUN FAT FOOD - Pare Pare',1),(995,'2023-12-19 10:17:39',1,NULL,NULL,176,'PT. SHUN ICE PRATAMA - Cianjur',1),(996,'2023-12-19 10:17:39',1,NULL,NULL,176,'PT. SHUN ICE PRATAMA - Sukabumi',1),(997,'2023-12-19 10:17:39',1,NULL,NULL,176,'PT. SHUNLI ANEKA FOOD - Balikpapan',1),(998,'2023-12-19 10:17:39',1,NULL,NULL,176,'PT. SINGULAR POINT ASIA - Madiun',1),(999,'2023-12-19 10:17:39',1,NULL,NULL,176,'PT. SOLO GREN FOODINDO - Solo',1),(1000,'2023-12-19 10:17:39',1,NULL,NULL,176,'PT. SUMBER AJI JAYA - Bau Bau',1),(1001,'2023-12-19 10:17:39',1,NULL,NULL,176,'PT. TANJUNG HARAPAN NUSANTARA - Cirebon',1),(1002,'2023-12-19 10:17:39',1,NULL,NULL,176,'PT. TOP ESKRIM YUMMY - Jakarta Pusat',1),(1003,'2023-12-19 10:17:39',1,NULL,NULL,176,'PT. TRI UNGGUL BOGAINDO - Depok',1),(1004,'2023-12-19 10:17:39',1,NULL,NULL,176,'PT. VIN MAOYI INDONESIA - Majalengka',1),(1005,'2023-12-19 10:17:39',1,NULL,NULL,176,'PT. XIN YANG FOOD INDONESIA - Semarang',1),(1006,'2023-12-19 10:17:39',1,NULL,NULL,176,'PT. YANGS BOGA INDONESIA - Pekalongan',1),(1007,'2023-12-19 10:17:39',1,NULL,NULL,176,'PT. YAZHOU MEI LING - Tuban',1),(1008,'2023-12-19 10:17:39',1,NULL,NULL,176,'PT. YONG HONG INTERNATIONAL TRADING - Ambon',1),(1009,'2023-12-19 10:17:39',1,NULL,NULL,176,'PT. YONG XING ABADI JAYA - Makassar',1),(1010,'2023-12-19 10:17:39',1,NULL,NULL,176,'PT. YOUNG AND HEALTH INDONESIA - Palopo',1),(1011,'2023-12-19 10:17:39',1,NULL,NULL,176,'PT. YOUYOU GLORY INDUSTRY - Bangka Belitung',1),(1012,'2023-12-19 10:17:48',1,NULL,NULL,177,'CV. BINTANG KARYA ABADI - Pangkalan Bun',0),(1013,'2023-12-19 10:17:48',1,NULL,NULL,177,'CV. Bintang Prima Sejati - Palangka Raya',0),(1014,'2023-12-19 10:17:48',1,NULL,NULL,177,'CV. BLUE SKY SUCCES - Padang Bukit Tinggi',0),(1015,'2023-12-19 10:17:48',1,NULL,NULL,177,'CV. CITRA MANDIRI - Palu',0),(1016,'2023-12-19 10:17:48',1,NULL,NULL,177,'CV. GLOBAL SUKSES BERSAMA',0),(1017,'2023-12-19 10:17:48',1,NULL,NULL,177,'CV. INDO JAYA MERDEKA - Dumai',0),(1018,'2023-12-19 10:17:48',1,NULL,NULL,177,'CV. Intan Aice Food',0),(1019,'2023-12-19 10:17:48',1,NULL,NULL,177,'CV. MAKMUR JAYA UNGGUL - Luwuk',0),(1020,'2023-12-19 10:17:48',1,NULL,NULL,177,'CV. MEKAR LESTARI - Tembilahan',0),(1021,'2023-12-19 10:17:48',1,NULL,NULL,177,'CV. MULTIRASA PRIMA - Lampung',0),(1022,'2023-12-19 10:17:48',1,NULL,NULL,177,'CV. Prima Pelangi Rasa',0),(1023,'2023-12-19 10:17:48',1,NULL,NULL,177,'PT. ABADI ICE CREAM MULTIRASA INDONESIA - Pekanbaru',0),(1024,'2023-12-19 10:17:48',1,NULL,NULL,177,'PT. AKIRA KANAIK INDAH - Ciputat',1),(1025,'2023-12-19 10:17:48',1,NULL,NULL,177,'PT. ALL DAY ICY - Klaten',0),(1026,'2023-12-19 10:17:48',1,NULL,NULL,177,'PT. AMRATYA SAMUDERA PERKASA - Sorong',0),(1027,'2023-12-19 10:17:48',1,NULL,NULL,177,'PT. ANEKA KARYA PRATAMA - Gorontalo',0),(1028,'2023-12-19 10:17:48',1,NULL,NULL,177,'PT. ARATA JAYA MANDIRI - Buah Batu',0),(1029,'2023-12-19 10:17:48',1,NULL,NULL,177,'PT. ARAZAAK MEGAH BERKAH - Jambi Modern Market',0),(1030,'2023-12-19 10:17:48',1,NULL,NULL,177,'PT. ARTA BATAM CENDANA - Batam',0),(1031,'2023-12-19 10:17:48',1,NULL,NULL,177,'PT. ARTA MILI AGUNG - Salatiga',0),(1032,'2023-12-19 10:17:48',1,NULL,NULL,177,'PT. ARTHA MANDIRI GEMERLAP - Bekasi Modern Market',0),(1033,'2023-12-19 10:17:48',1,NULL,NULL,177,'PT. ASCARYA SINAR KATULISTIWA - Tarakan',0),(1034,'2023-12-19 10:17:48',1,NULL,NULL,177,'PT. ASIA NEW WORLD BUSINESS - Kediri',0),(1035,'2023-12-19 10:17:48',1,NULL,NULL,177,'PT. BANJAR UTAMA ICECREAM - Banjarmasin',0),(1036,'2023-12-19 10:17:48',1,NULL,NULL,177,'PT. BANYUWANGI ROYAL FOOD - Banyuwangi',0),(1037,'2023-12-19 10:17:48',1,NULL,NULL,177,'PT. BING HAI INTERNATIONAL - Mojokerto',0),(1038,'2023-12-19 10:17:48',1,NULL,NULL,177,'PT. BING XUEREN INTERNATIONAL - Gresik',0),(1039,'2023-12-19 10:17:48',1,NULL,NULL,177,'PT. BIRU PERMATA NUSANTARA JAYA - Bengkulu',0),(1040,'2023-12-19 10:17:48',1,NULL,NULL,177,'PT. BROTHER SAMUDRA SEJAHTERA - Purworejo',0),(1041,'2023-12-19 10:17:48',1,NULL,NULL,177,'PT. CAHAYA BOGA DAIRYNDO - Bogor Modern Market',0),(1042,'2023-12-19 10:17:48',1,NULL,NULL,177,'PT. CAKRAWALA SAMUDRA BIRU - Ternate',0),(1043,'2023-12-19 10:17:48',1,NULL,NULL,177,'PT. CAPUNG MERAH NIAGA - Manado',0),(1044,'2023-12-19 10:17:48',1,NULL,NULL,177,'PT. COOLING SHARE TRADING - Wonosobo',0),(1045,'2023-12-19 10:17:48',1,NULL,NULL,177,'PT. DINGXIN BOGA INDONESIA - Tegal',0),(1046,'2023-12-19 10:17:48',1,NULL,NULL,177,'PT. DONG FANG ZHI YIN - Pasuruan',0),(1047,'2023-12-19 10:17:48',1,NULL,NULL,177,'PT. DOREMI ICE INDONESIA - Aceh',0),(1048,'2023-12-19 10:17:48',1,NULL,NULL,177,'PT. FENGSHENG JAYA INDONESIA - Magelang',0),(1049,'2023-12-19 10:17:48',1,NULL,NULL,177,'PT. FOUR CONTINENTAL TRADING - Jember',0),(1050,'2023-12-19 10:17:48',1,NULL,NULL,177,'PT. GAYARI GLOBAL PERSADA - Medan MM',0),(1051,'2023-12-19 10:17:48',1,NULL,NULL,177,'PT. GESNOW PENDO FOOD - Blitar',0),(1052,'2023-12-19 10:17:48',1,NULL,NULL,177,'PT. GLOBAL ASIA HOME WORLD - Jombang',0),(1053,'2023-12-19 10:17:48',1,NULL,NULL,177,'PT. GOLDEN ICE COOL - Probolinggo',0),(1054,'2023-12-19 10:17:48',1,NULL,NULL,177,'PT. GOLDEN ICE COOL - Probolinggo 2',0),(1055,'2023-12-19 10:17:48',1,NULL,NULL,177,'PT. GOLDEN SHIGOO FOODS - Subang',0),(1056,'2023-12-19 10:17:48',1,NULL,NULL,177,'PT. GOOD AND NICE - Ujung Menteng',0),(1057,'2023-12-19 10:17:48',1,NULL,NULL,177,'PT. HAO REN FOOD - Parigi',0),(1058,'2023-12-19 10:17:48',1,NULL,NULL,177,'PT. HAPPY ICE CREAM - Ciamis',0),(1059,'2023-12-19 10:17:48',1,NULL,NULL,177,'PT. HARAPAN EMAS NUSANTARA - Yogyakarta',0),(1060,'2023-12-19 10:17:48',1,NULL,NULL,177,'PT. HASANAH MEGA CIPTA INDONESIA - Gowa',0),(1061,'2023-12-19 10:17:48',1,NULL,NULL,177,'PT. HAVE VISION LIFE - Rantau Prapat',0),(1062,'2023-12-19 10:17:48',1,NULL,NULL,177,'PT. HEALTHY AND DELICIOUS FOODS - Pamekasan',0),(1063,'2023-12-19 10:17:48',1,NULL,NULL,177,'PT. HUA TONG ICE INDONESIA - Cilacap',0),(1064,'2023-12-19 10:17:48',1,NULL,NULL,177,'PT. HUANG CHANG CHUN - Pematang Siantar',0),(1065,'2023-12-19 10:17:48',1,NULL,NULL,177,'PT. HUI TONG GUO JII - Tulung Agung',0),(1066,'2023-12-19 10:17:48',1,NULL,NULL,177,'PT. ICE CREAM NUSANTARA - Jaya Pura',0),(1067,'2023-12-19 10:17:48',1,NULL,NULL,177,'PT. ICE CREAM YOULIKE - Daan Mogot',0),(1068,'2023-12-19 10:17:48',1,NULL,NULL,177,'PT. ICE DREAMER ASIA - Lamongan',0),(1069,'2023-12-19 10:17:48',1,NULL,NULL,177,'PT. ICE MAJU BERSAMA - Kupang',0),(1070,'2023-12-19 10:17:48',1,NULL,NULL,177,'PT. INDAH GIAT BERSAMA - Ende',0),(1071,'2023-12-19 10:17:48',1,NULL,NULL,177,'PT. INDO BALI SAMUDERA - Singaraja',0),(1072,'2023-12-19 10:17:48',1,NULL,NULL,177,'PT. INDO MAI GOO - Malang',0),(1073,'2023-12-19 10:17:48',1,NULL,NULL,177,'PT. INDO MUTIARA GEMILANG - Kudus',0),(1074,'2023-12-19 10:17:48',1,NULL,NULL,177,'PT. JANUS GLOBAL TRADE - watampone',0),(1075,'2023-12-19 10:17:48',1,NULL,NULL,177,'PT. JAYA ICE FOOD - Purwokerto',0),(1076,'2023-12-19 10:17:48',1,NULL,NULL,177,'PT. JUMA TIGA SEANTERO - Kabanjahe',0),(1077,'2023-12-19 10:17:48',1,NULL,NULL,177,'PT. JWL NIAGA INTERNATIONAL - Cikupa Tangerang',0),(1078,'2023-12-19 10:17:48',1,NULL,NULL,177,'PT. KAPUAS INTAN TRASERNA FOOD - Singkawang',0),(1079,'2023-12-19 10:17:48',1,NULL,NULL,177,'PT. KERAJAAN ICE INDONESIA - Pati',0),(1080,'2023-12-19 10:17:48',1,NULL,NULL,177,'PT. KORINDO SUKSES ABADI - Surabaya',0),(1081,'2023-12-19 10:17:48',1,NULL,NULL,177,'PT. KOTARAJA TANOH PUSAKA - Aceh Barat',0),(1082,'2023-12-19 10:17:48',1,NULL,NULL,177,'PT. LIEN MAOYI INDONESIA - Purwakarta',0),(1083,'2023-12-19 10:17:48',1,NULL,NULL,177,'PT. LIFA JAYA FOOD - Singkawang',0),(1084,'2023-12-19 10:17:48',1,NULL,NULL,177,'PT. LISHENG TRADING INTERNATIONAL - Bojonegoro',0),(1085,'2023-12-19 10:17:48',1,NULL,NULL,177,'PT. LOMBOK MULIA TERANG - Mataram',0),(1086,'2023-12-19 10:17:48',1,NULL,NULL,177,'PT. LONG ICE SUCCESS INDONESIA - Grobongan',0),(1087,'2023-12-19 10:17:48',1,NULL,NULL,177,'PT. MAKMUR SUKSES ABADI BERSAMA INDONESIA - Garut',0),(1088,'2023-12-19 10:17:48',1,NULL,NULL,177,'PT. MAKMUR SUKSES ABADI BERSAMA INDONESIA - Tasikmalaya',0),(1089,'2023-12-19 10:17:48',1,NULL,NULL,177,'PT. MEGA ELANG SUKSES - Sumbawa',0),(1090,'2023-12-19 10:17:48',1,NULL,NULL,177,'PT. MEGA LOMBOK MANDIRI - Lombok Tengah',0),(1091,'2023-12-19 10:17:48',1,NULL,NULL,177,'PT. MITRA PANGAN UTAMA - Kendari',0),(1092,'2023-12-19 10:17:48',1,NULL,NULL,177,'PT. MULTIRASA JAYA BERSAMA - Rangkas Bitung',0),(1093,'2023-12-19 10:17:48',1,NULL,NULL,177,'PT. MUSI DELICIOUS FOOD - Palembang',0),(1094,'2023-12-19 10:17:48',1,NULL,NULL,177,'PT. PRAKARSA INDOCIPTA NUSANTARA - Polewali',0),(1095,'2023-12-19 10:17:48',1,NULL,NULL,177,'PT. PROFIT FOODS TRADING -PASAR REBO',0),(1096,'2023-12-19 10:17:48',1,NULL,NULL,177,'PT. PUSAKA ABADI FOOD - Sigli',0),(1097,'2023-12-19 10:17:48',1,NULL,NULL,177,'PT. QUEEN ICE ASIA - Bangkalan',0),(1098,'2023-12-19 10:17:48',1,NULL,NULL,177,'PT. RAJA ACEH MAKMUR - Aceh Timur',0),(1099,'2023-12-19 10:17:48',1,NULL,NULL,177,'PT. RAJAWALI ASIA BALI - Bali',0),(1100,'2023-12-19 10:17:48',1,NULL,NULL,177,'PT. REALLY DELICIOUS INDONESIA - Lumajang',0),(1101,'2023-12-19 10:17:48',1,NULL,NULL,177,'PT. RUI XUE INTERNATIONAL - Sidoarjo',0),(1102,'2023-12-19 10:17:48',1,NULL,NULL,177,'PT. SAMARINDA ANEKA FROZEN FOOD - Samarinda',0),(1103,'2023-12-19 10:17:48',1,NULL,NULL,177,'PT. SENANG UNTUK BERBAGI - Wonogiri',0),(1104,'2023-12-19 10:17:48',1,NULL,NULL,177,'PT. SENTOSA MEGA INDONESIA - Bulukumba',0),(1105,'2023-12-19 10:17:48',1,NULL,NULL,177,'PT. SHENGLU ZANMEI INTERNATIONAL - Kenjeran',0),(1106,'2023-12-19 10:17:48',1,NULL,NULL,177,'PT. SHUN FAT FOOD - Pare Pare',0),(1107,'2023-12-19 10:17:48',1,NULL,NULL,177,'PT. SHUN ICE PRATAMA - Cianjur',0),(1108,'2023-12-19 10:17:48',1,NULL,NULL,177,'PT. SHUN ICE PRATAMA - Sukabumi',0),(1109,'2023-12-19 10:17:48',1,NULL,NULL,177,'PT. SHUNLI ANEKA FOOD - Balikpapan',0),(1110,'2023-12-19 10:17:48',1,NULL,NULL,177,'PT. SINGULAR POINT ASIA - Madiun',0),(1111,'2023-12-19 10:17:48',1,NULL,NULL,177,'PT. SOLO GREN FOODINDO - Solo',0),(1112,'2023-12-19 10:17:48',1,NULL,NULL,177,'PT. SUMBER AJI JAYA - Bau Bau',0),(1113,'2023-12-19 10:17:48',1,NULL,NULL,177,'PT. TANJUNG HARAPAN NUSANTARA - Cirebon',0),(1114,'2023-12-19 10:17:48',1,NULL,NULL,177,'PT. TOP ESKRIM YUMMY - Jakarta Pusat',0),(1115,'2023-12-19 10:17:48',1,NULL,NULL,177,'PT. TRI UNGGUL BOGAINDO - Depok',0),(1116,'2023-12-19 10:17:48',1,NULL,NULL,177,'PT. VIN MAOYI INDONESIA - Majalengka',0),(1117,'2023-12-19 10:17:48',1,NULL,NULL,177,'PT. XIN YANG FOOD INDONESIA - Semarang',0),(1118,'2023-12-19 10:17:48',1,NULL,NULL,177,'PT. YANGS BOGA INDONESIA - Pekalongan',0),(1119,'2023-12-19 10:17:48',1,NULL,NULL,177,'PT. YAZHOU MEI LING - Tuban',0),(1120,'2023-12-19 10:17:48',1,NULL,NULL,177,'PT. YONG HONG INTERNATIONAL TRADING - Ambon',0),(1121,'2023-12-19 10:17:48',1,NULL,NULL,177,'PT. YONG XING ABADI JAYA - Makassar',0),(1122,'2023-12-19 10:17:48',1,NULL,NULL,177,'PT. YOUNG AND HEALTH INDONESIA - Palopo',0),(1123,'2023-12-19 10:17:48',1,NULL,NULL,177,'PT. YOUYOU GLORY INDUSTRY - Bangka Belitung',0),(1124,'2023-12-19 10:17:57',1,NULL,NULL,178,'CV. BINTANG KARYA ABADI - Pangkalan Bun',0),(1125,'2023-12-19 10:17:57',1,NULL,NULL,178,'CV. Bintang Prima Sejati - Palangka Raya',0),(1126,'2023-12-19 10:17:57',1,NULL,NULL,178,'CV. BLUE SKY SUCCES - Padang Bukit Tinggi',0),(1127,'2023-12-19 10:17:57',1,NULL,NULL,178,'CV. CITRA MANDIRI - Palu',0),(1128,'2023-12-19 10:17:57',1,NULL,NULL,178,'CV. GLOBAL SUKSES BERSAMA',0),(1129,'2023-12-19 10:17:57',1,NULL,NULL,178,'CV. INDO JAYA MERDEKA - Dumai',0),(1130,'2023-12-19 10:17:57',1,NULL,NULL,178,'CV. Intan Aice Food',0),(1131,'2023-12-19 10:17:57',1,NULL,NULL,178,'CV. MAKMUR JAYA UNGGUL - Luwuk',0),(1132,'2023-12-19 10:17:57',1,NULL,NULL,178,'CV. MEKAR LESTARI - Tembilahan',0),(1133,'2023-12-19 10:17:57',1,NULL,NULL,178,'CV. MULTIRASA PRIMA - Lampung',0),(1134,'2023-12-19 10:17:57',1,NULL,NULL,178,'CV. Prima Pelangi Rasa',0),(1135,'2023-12-19 10:17:57',1,NULL,NULL,178,'PT. ABADI ICE CREAM MULTIRASA INDONESIA - Pekanbaru',0),(1136,'2023-12-19 10:17:57',1,NULL,NULL,178,'PT. AKIRA KANAIK INDAH - Ciputat',0),(1137,'2023-12-19 10:17:57',1,NULL,NULL,178,'PT. ALL DAY ICY - Klaten',0),(1138,'2023-12-19 10:17:57',1,NULL,NULL,178,'PT. AMRATYA SAMUDERA PERKASA - Sorong',0),(1139,'2023-12-19 10:17:57',1,NULL,NULL,178,'PT. ANEKA KARYA PRATAMA - Gorontalo',0),(1140,'2023-12-19 10:17:57',1,NULL,NULL,178,'PT. ARATA JAYA MANDIRI - Buah Batu',0),(1141,'2023-12-19 10:17:57',1,NULL,NULL,178,'PT. ARAZAAK MEGAH BERKAH - Jambi Modern Market',0),(1142,'2023-12-19 10:17:57',1,NULL,NULL,178,'PT. ARTA BATAM CENDANA - Batam',0),(1143,'2023-12-19 10:17:57',1,NULL,NULL,178,'PT. ARTA MILI AGUNG - Salatiga',0),(1144,'2023-12-19 10:17:57',1,NULL,NULL,178,'PT. ARTHA MANDIRI GEMERLAP - Bekasi Modern Market',0),(1145,'2023-12-19 10:17:57',1,NULL,NULL,178,'PT. ASCARYA SINAR KATULISTIWA - Tarakan',0),(1146,'2023-12-19 10:17:57',1,NULL,NULL,178,'PT. ASIA NEW WORLD BUSINESS - Kediri',0),(1147,'2023-12-19 10:17:57',1,NULL,NULL,178,'PT. BANJAR UTAMA ICECREAM - Banjarmasin',0),(1148,'2023-12-19 10:17:57',1,NULL,NULL,178,'PT. BANYUWANGI ROYAL FOOD - Banyuwangi',0),(1149,'2023-12-19 10:17:57',1,NULL,NULL,178,'PT. BING HAI INTERNATIONAL - Mojokerto',0),(1150,'2023-12-19 10:17:57',1,NULL,NULL,178,'PT. BING XUEREN INTERNATIONAL - Gresik',0),(1151,'2023-12-19 10:17:57',1,NULL,NULL,178,'PT. BIRU PERMATA NUSANTARA JAYA - Bengkulu',0),(1152,'2023-12-19 10:17:57',1,NULL,NULL,178,'PT. BROTHER SAMUDRA SEJAHTERA - Purworejo',0),(1153,'2023-12-19 10:17:57',1,NULL,NULL,178,'PT. CAHAYA BOGA DAIRYNDO - Bogor Modern Market',0),(1154,'2023-12-19 10:17:57',1,NULL,NULL,178,'PT. CAKRAWALA SAMUDRA BIRU - Ternate',0),(1155,'2023-12-19 10:17:57',1,NULL,NULL,178,'PT. CAPUNG MERAH NIAGA - Manado',0),(1156,'2023-12-19 10:17:57',1,NULL,NULL,178,'PT. COOLING SHARE TRADING - Wonosobo',0),(1157,'2023-12-19 10:17:57',1,NULL,NULL,178,'PT. DINGXIN BOGA INDONESIA - Tegal',0),(1158,'2023-12-19 10:17:57',1,NULL,NULL,178,'PT. DONG FANG ZHI YIN - Pasuruan',0),(1159,'2023-12-19 10:17:57',1,NULL,NULL,178,'PT. DOREMI ICE INDONESIA - Aceh',0),(1160,'2023-12-19 10:17:57',1,NULL,NULL,178,'PT. FENGSHENG JAYA INDONESIA - Magelang',0),(1161,'2023-12-19 10:17:57',1,NULL,NULL,178,'PT. FOUR CONTINENTAL TRADING - Jember',0),(1162,'2023-12-19 10:17:57',1,NULL,NULL,178,'PT. GAYARI GLOBAL PERSADA - Medan MM',0),(1163,'2023-12-19 10:17:57',1,NULL,NULL,178,'PT. GESNOW PENDO FOOD - Blitar',0),(1164,'2023-12-19 10:17:57',1,NULL,NULL,178,'PT. GLOBAL ASIA HOME WORLD - Jombang',0),(1165,'2023-12-19 10:17:57',1,NULL,NULL,178,'PT. GOLDEN ICE COOL - Probolinggo',0),(1166,'2023-12-19 10:17:57',1,NULL,NULL,178,'PT. GOLDEN ICE COOL - Probolinggo 2',0),(1167,'2023-12-19 10:17:57',1,NULL,NULL,178,'PT. GOLDEN SHIGOO FOODS - Subang',0),(1168,'2023-12-19 10:17:57',1,NULL,NULL,178,'PT. GOOD AND NICE - Ujung Menteng',0),(1169,'2023-12-19 10:17:57',1,NULL,NULL,178,'PT. HAO REN FOOD - Parigi',0),(1170,'2023-12-19 10:17:57',1,NULL,NULL,178,'PT. HAPPY ICE CREAM - Ciamis',0),(1171,'2023-12-19 10:17:57',1,NULL,NULL,178,'PT. HARAPAN EMAS NUSANTARA - Yogyakarta',0),(1172,'2023-12-19 10:17:57',1,NULL,NULL,178,'PT. HASANAH MEGA CIPTA INDONESIA - Gowa',0),(1173,'2023-12-19 10:17:57',1,NULL,NULL,178,'PT. HAVE VISION LIFE - Rantau Prapat',0),(1174,'2023-12-19 10:17:57',1,NULL,NULL,178,'PT. HEALTHY AND DELICIOUS FOODS - Pamekasan',0),(1175,'2023-12-19 10:17:57',1,NULL,NULL,178,'PT. HUA TONG ICE INDONESIA - Cilacap',0),(1176,'2023-12-19 10:17:57',1,NULL,NULL,178,'PT. HUANG CHANG CHUN - Pematang Siantar',0),(1177,'2023-12-19 10:17:57',1,NULL,NULL,178,'PT. HUI TONG GUO JII - Tulung Agung',0),(1178,'2023-12-19 10:17:57',1,NULL,NULL,178,'PT. ICE CREAM NUSANTARA - Jaya Pura',0),(1179,'2023-12-19 10:17:57',1,NULL,NULL,178,'PT. ICE CREAM YOULIKE - Daan Mogot',1),(1180,'2023-12-19 10:17:57',1,NULL,NULL,178,'PT. ICE DREAMER ASIA - Lamongan',0),(1181,'2023-12-19 10:17:57',1,NULL,NULL,178,'PT. ICE MAJU BERSAMA - Kupang',0),(1182,'2023-12-19 10:17:57',1,NULL,NULL,178,'PT. INDAH GIAT BERSAMA - Ende',0),(1183,'2023-12-19 10:17:57',1,NULL,NULL,178,'PT. INDO BALI SAMUDERA - Singaraja',0),(1184,'2023-12-19 10:17:57',1,NULL,NULL,178,'PT. INDO MAI GOO - Malang',0),(1185,'2023-12-19 10:17:57',1,NULL,NULL,178,'PT. INDO MUTIARA GEMILANG - Kudus',0),(1186,'2023-12-19 10:17:57',1,NULL,NULL,178,'PT. JANUS GLOBAL TRADE - watampone',0),(1187,'2023-12-19 10:17:57',1,NULL,NULL,178,'PT. JAYA ICE FOOD - Purwokerto',0),(1188,'2023-12-19 10:17:57',1,NULL,NULL,178,'PT. JUMA TIGA SEANTERO - Kabanjahe',0),(1189,'2023-12-19 10:17:57',1,NULL,NULL,178,'PT. JWL NIAGA INTERNATIONAL - Cikupa Tangerang',0),(1190,'2023-12-19 10:17:57',1,NULL,NULL,178,'PT. KAPUAS INTAN TRASERNA FOOD - Singkawang',0),(1191,'2023-12-19 10:17:57',1,NULL,NULL,178,'PT. KERAJAAN ICE INDONESIA - Pati',0),(1192,'2023-12-19 10:17:57',1,NULL,NULL,178,'PT. KORINDO SUKSES ABADI - Surabaya',0),(1193,'2023-12-19 10:17:57',1,NULL,NULL,178,'PT. KOTARAJA TANOH PUSAKA - Aceh Barat',0),(1194,'2023-12-19 10:17:57',1,NULL,NULL,178,'PT. LIEN MAOYI INDONESIA - Purwakarta',0),(1195,'2023-12-19 10:17:57',1,NULL,NULL,178,'PT. LIFA JAYA FOOD - Singkawang',0),(1196,'2023-12-19 10:17:57',1,NULL,NULL,178,'PT. LISHENG TRADING INTERNATIONAL - Bojonegoro',0),(1197,'2023-12-19 10:17:57',1,NULL,NULL,178,'PT. LOMBOK MULIA TERANG - Mataram',0),(1198,'2023-12-19 10:17:57',1,NULL,NULL,178,'PT. LONG ICE SUCCESS INDONESIA - Grobongan',0),(1199,'2023-12-19 10:17:57',1,NULL,NULL,178,'PT. MAKMUR SUKSES ABADI BERSAMA INDONESIA - Garut',0),(1200,'2023-12-19 10:17:57',1,NULL,NULL,178,'PT. MAKMUR SUKSES ABADI BERSAMA INDONESIA - Tasikmalaya',0),(1201,'2023-12-19 10:17:57',1,NULL,NULL,178,'PT. MEGA ELANG SUKSES - Sumbawa',0),(1202,'2023-12-19 10:17:57',1,NULL,NULL,178,'PT. MEGA LOMBOK MANDIRI - Lombok Tengah',0),(1203,'2023-12-19 10:17:57',1,NULL,NULL,178,'PT. MITRA PANGAN UTAMA - Kendari',0),(1204,'2023-12-19 10:17:57',1,NULL,NULL,178,'PT. MULTIRASA JAYA BERSAMA - Rangkas Bitung',0),(1205,'2023-12-19 10:17:57',1,NULL,NULL,178,'PT. MUSI DELICIOUS FOOD - Palembang',0),(1206,'2023-12-19 10:17:57',1,NULL,NULL,178,'PT. PRAKARSA INDOCIPTA NUSANTARA - Polewali',0),(1207,'2023-12-19 10:17:57',1,NULL,NULL,178,'PT. PROFIT FOODS TRADING -PASAR REBO',0),(1208,'2023-12-19 10:17:57',1,NULL,NULL,178,'PT. PUSAKA ABADI FOOD - Sigli',0),(1209,'2023-12-19 10:17:57',1,NULL,NULL,178,'PT. QUEEN ICE ASIA - Bangkalan',0),(1210,'2023-12-19 10:17:57',1,NULL,NULL,178,'PT. RAJA ACEH MAKMUR - Aceh Timur',0),(1211,'2023-12-19 10:17:57',1,NULL,NULL,178,'PT. RAJAWALI ASIA BALI - Bali',0),(1212,'2023-12-19 10:17:57',1,NULL,NULL,178,'PT. REALLY DELICIOUS INDONESIA - Lumajang',0),(1213,'2023-12-19 10:17:57',1,NULL,NULL,178,'PT. RUI XUE INTERNATIONAL - Sidoarjo',0),(1214,'2023-12-19 10:17:57',1,NULL,NULL,178,'PT. SAMARINDA ANEKA FROZEN FOOD - Samarinda',0),(1215,'2023-12-19 10:17:57',1,NULL,NULL,178,'PT. SENANG UNTUK BERBAGI - Wonogiri',0),(1216,'2023-12-19 10:17:57',1,NULL,NULL,178,'PT. SENTOSA MEGA INDONESIA - Bulukumba',0),(1217,'2023-12-19 10:17:57',1,NULL,NULL,178,'PT. SHENGLU ZANMEI INTERNATIONAL - Kenjeran',0),(1218,'2023-12-19 10:17:57',1,NULL,NULL,178,'PT. SHUN FAT FOOD - Pare Pare',0),(1219,'2023-12-19 10:17:57',1,NULL,NULL,178,'PT. SHUN ICE PRATAMA - Cianjur',0),(1220,'2023-12-19 10:17:57',1,NULL,NULL,178,'PT. SHUN ICE PRATAMA - Sukabumi',0),(1221,'2023-12-19 10:17:57',1,NULL,NULL,178,'PT. SHUNLI ANEKA FOOD - Balikpapan',0),(1222,'2023-12-19 10:17:57',1,NULL,NULL,178,'PT. SINGULAR POINT ASIA - Madiun',0),(1223,'2023-12-19 10:17:57',1,NULL,NULL,178,'PT. SOLO GREN FOODINDO - Solo',0),(1224,'2023-12-19 10:17:57',1,NULL,NULL,178,'PT. SUMBER AJI JAYA - Bau Bau',0),(1225,'2023-12-19 10:17:57',1,NULL,NULL,178,'PT. TANJUNG HARAPAN NUSANTARA - Cirebon',0),(1226,'2023-12-19 10:17:57',1,NULL,NULL,178,'PT. TOP ESKRIM YUMMY - Jakarta Pusat',0),(1227,'2023-12-19 10:17:57',1,NULL,NULL,178,'PT. TRI UNGGUL BOGAINDO - Depok',0),(1228,'2023-12-19 10:17:57',1,NULL,NULL,178,'PT. VIN MAOYI INDONESIA - Majalengka',0),(1229,'2023-12-19 10:17:57',1,NULL,NULL,178,'PT. XIN YANG FOOD INDONESIA - Semarang',0),(1230,'2023-12-19 10:17:57',1,NULL,NULL,178,'PT. YANGS BOGA INDONESIA - Pekalongan',0),(1231,'2023-12-19 10:17:57',1,NULL,NULL,178,'PT. YAZHOU MEI LING - Tuban',0),(1232,'2023-12-19 10:17:57',1,NULL,NULL,178,'PT. YONG HONG INTERNATIONAL TRADING - Ambon',0),(1233,'2023-12-19 10:17:57',1,NULL,NULL,178,'PT. YONG XING ABADI JAYA - Makassar',0),(1234,'2023-12-19 10:17:57',1,NULL,NULL,178,'PT. YOUNG AND HEALTH INDONESIA - Palopo',0),(1235,'2023-12-19 10:17:57',1,NULL,NULL,178,'PT. YOUYOU GLORY INDUSTRY - Bangka Belitung',0),(1589,'2024-05-05 07:20:26',179,NULL,NULL,179,'AICE PUSAT',0),(1590,'2024-05-05 07:20:26',179,NULL,NULL,179,'ROXY PUSAT',1),(1591,'2024-05-05 07:20:26',179,NULL,NULL,179,'CV. BINTANG KARYA ABADI - Pangkalan Bun',0),(1592,'2024-05-05 07:20:26',179,NULL,NULL,179,'CV. Bintang Prima Sejati - Palangka Raya',0),(1593,'2024-05-05 07:20:26',179,NULL,NULL,179,'CV. BLUE SKY SUCCES - Padang Bukit Tinggi',0),(1594,'2024-05-05 07:20:26',179,NULL,NULL,179,'CV. CITRA MANDIRI - Palu',0),(1595,'2024-05-05 07:20:26',179,NULL,NULL,179,'CV. GLOBAL SUKSES BERSAMA',0),(1596,'2024-05-05 07:20:26',179,NULL,NULL,179,'CV. INDO JAYA MERDEKA - Dumai',0),(1597,'2024-05-05 07:20:26',179,NULL,NULL,179,'CV. Intan Aice Food',0),(1598,'2024-05-05 07:20:26',179,NULL,NULL,179,'CV. MAKMUR JAYA UNGGUL - Luwuk',0),(1599,'2024-05-05 07:20:26',179,NULL,NULL,179,'CV. MEKAR LESTARI - Tembilahan',0),(1600,'2024-05-05 07:20:26',179,NULL,NULL,179,'CV. MULTIRASA PRIMA - Lampung',0),(1601,'2024-05-05 07:20:26',179,NULL,NULL,179,'CV. Prima Pelangi Rasa',0),(1602,'2024-05-05 07:20:26',179,NULL,NULL,179,'PT. ABADI ICE CREAM MULTIRASA INDONESIA - Pekanbaru',0),(1603,'2024-05-05 07:20:26',179,NULL,NULL,179,'PT. AKIRA KANAIK INDAH - Ciputat',0),(1604,'2024-05-05 07:20:26',179,NULL,NULL,179,'PT. ALL DAY ICY - Klaten',0),(1605,'2024-05-05 07:20:26',179,NULL,NULL,179,'PT. AMRATYA SAMUDERA PERKASA - Sorong',0),(1606,'2024-05-05 07:20:26',179,NULL,NULL,179,'PT. ANEKA KARYA PRATAMA - Gorontalo',0),(1607,'2024-05-05 07:20:26',179,NULL,NULL,179,'PT. ARATA JAYA MANDIRI - Buah Batu',0),(1608,'2024-05-05 07:20:26',179,NULL,NULL,179,'PT. ARAZAAK MEGAH BERKAH - Jambi Modern Market',0),(1609,'2024-05-05 07:20:26',179,NULL,NULL,179,'PT. ARTA BATAM CENDANA - Batam',0),(1610,'2024-05-05 07:20:26',179,NULL,NULL,179,'PT. ARTA MILI AGUNG - Salatiga',0),(1611,'2024-05-05 07:20:26',179,NULL,NULL,179,'PT. ARTHA MANDIRI GEMERLAP - Bekasi Modern Market',0),(1612,'2024-05-05 07:20:26',179,NULL,NULL,179,'PT. ASCARYA SINAR KATULISTIWA - Tarakan',0),(1613,'2024-05-05 07:20:26',179,NULL,NULL,179,'PT. ASIA NEW WORLD BUSINESS - Kediri',0),(1614,'2024-05-05 07:20:26',179,NULL,NULL,179,'PT. BANJAR UTAMA ICECREAM - Banjarmasin',0),(1615,'2024-05-05 07:20:26',179,NULL,NULL,179,'PT. BANYUWANGI ROYAL FOOD - Banyuwangi',0),(1616,'2024-05-05 07:20:26',179,NULL,NULL,179,'PT. BING HAI INTERNATIONAL - Mojokerto',0),(1617,'2024-05-05 07:20:26',179,NULL,NULL,179,'PT. BING XUEREN INTERNATIONAL - Gresik',0),(1618,'2024-05-05 07:20:26',179,NULL,NULL,179,'PT. BIRU PERMATA NUSANTARA JAYA - Bengkulu',0),(1619,'2024-05-05 07:20:26',179,NULL,NULL,179,'PT. BROTHER SAMUDRA SEJAHTERA - Purworejo',0),(1620,'2024-05-05 07:20:26',179,NULL,NULL,179,'PT. CAHAYA BOGA DAIRYNDO - Bogor Modern Market',0),(1621,'2024-05-05 07:20:26',179,NULL,NULL,179,'PT. CAKRAWALA SAMUDRA BIRU - Ternate',0),(1622,'2024-05-05 07:20:26',179,NULL,NULL,179,'PT. CAPUNG MERAH NIAGA - Manado',0),(1623,'2024-05-05 07:20:26',179,NULL,NULL,179,'PT. COOLING SHARE TRADING - Wonosobo',0),(1624,'2024-05-05 07:20:26',179,NULL,NULL,179,'PT. DINGXIN BOGA INDONESIA - Tegal',0),(1625,'2024-05-05 07:20:26',179,NULL,NULL,179,'PT. DONG FANG ZHI YIN - Pasuruan',0),(1626,'2024-05-05 07:20:26',179,NULL,NULL,179,'PT. DOREMI ICE INDONESIA - Aceh',0),(1627,'2024-05-05 07:20:26',179,NULL,NULL,179,'PT. FENGSHENG JAYA INDONESIA - Magelang',0),(1628,'2024-05-05 07:20:26',179,NULL,NULL,179,'PT. FOUR CONTINENTAL TRADING - Jember',0),(1629,'2024-05-05 07:20:26',179,NULL,NULL,179,'PT. GAYARI GLOBAL PERSADA - Medan MM',0),(1630,'2024-05-05 07:20:26',179,NULL,NULL,179,'PT. GESNOW PENDO FOOD - Blitar',0),(1631,'2024-05-05 07:20:26',179,NULL,NULL,179,'PT. GLOBAL ASIA HOME WORLD - Jombang',0),(1632,'2024-05-05 07:20:26',179,NULL,NULL,179,'PT. GOLDEN ICE COOL - Probolinggo',0),(1633,'2024-05-05 07:20:26',179,NULL,NULL,179,'PT. GOLDEN ICE COOL - Probolinggo 2',0),(1634,'2024-05-05 07:20:26',179,NULL,NULL,179,'PT. GOLDEN SHIGOO FOODS - Subang',0),(1635,'2024-05-05 07:20:26',179,NULL,NULL,179,'PT. GOOD AND NICE - Ujung Menteng',0),(1636,'2024-05-05 07:20:26',179,NULL,NULL,179,'PT. HAO REN FOOD - Parigi',0),(1637,'2024-05-05 07:20:26',179,NULL,NULL,179,'PT. HAPPY ICE CREAM - Ciamis',0),(1638,'2024-05-05 07:20:26',179,NULL,NULL,179,'PT. HARAPAN EMAS NUSANTARA - Yogyakarta',0),(1639,'2024-05-05 07:20:26',179,NULL,NULL,179,'PT. HASANAH MEGA CIPTA INDONESIA - Gowa',0),(1640,'2024-05-05 07:20:26',179,NULL,NULL,179,'PT. HAVE VISION LIFE - Rantau Prapat',0),(1641,'2024-05-05 07:20:26',179,NULL,NULL,179,'PT. HEALTHY AND DELICIOUS FOODS - Pamekasan',0),(1642,'2024-05-05 07:20:26',179,NULL,NULL,179,'PT. HUA TONG ICE INDONESIA - Cilacap',0),(1643,'2024-05-05 07:20:26',179,NULL,NULL,179,'PT. HUANG CHANG CHUN - Pematang Siantar',0),(1644,'2024-05-05 07:20:26',179,NULL,NULL,179,'PT. HUI TONG GUO JII - Tulung Agung',0),(1645,'2024-05-05 07:20:26',179,NULL,NULL,179,'PT. ICE CREAM NUSANTARA - Jaya Pura',0),(1646,'2024-05-05 07:20:26',179,NULL,NULL,179,'PT. ICE CREAM YOULIKE - Daan Mogot',0),(1647,'2024-05-05 07:20:26',179,NULL,NULL,179,'PT. ICE DREAMER ASIA - Lamongan',0),(1648,'2024-05-05 07:20:26',179,NULL,NULL,179,'PT. ICE MAJU BERSAMA - Kupang',0),(1649,'2024-05-05 07:20:26',179,NULL,NULL,179,'PT. INDAH GIAT BERSAMA - Ende',0),(1650,'2024-05-05 07:20:26',179,NULL,NULL,179,'PT. INDO BALI SAMUDERA - Singaraja',0),(1651,'2024-05-05 07:20:26',179,NULL,NULL,179,'PT. INDO MAI GOO - Malang',0),(1652,'2024-05-05 07:20:26',179,NULL,NULL,179,'PT. INDO MUTIARA GEMILANG - Kudus',0),(1653,'2024-05-05 07:20:26',179,NULL,NULL,179,'PT. JANUS GLOBAL TRADE - watampone',0),(1654,'2024-05-05 07:20:26',179,NULL,NULL,179,'PT. JAYA ICE FOOD - Purwokerto',0),(1655,'2024-05-05 07:20:26',179,NULL,NULL,179,'PT. JUMA TIGA SEANTERO - Kabanjahe',0),(1656,'2024-05-05 07:20:26',179,NULL,NULL,179,'PT. JWL NIAGA INTERNATIONAL - Cikupa Tangerang',0),(1657,'2024-05-05 07:20:26',179,NULL,NULL,179,'PT. KAPUAS INTAN TRASERNA FOOD - Singkawang',0),(1658,'2024-05-05 07:20:26',179,NULL,NULL,179,'PT. KERAJAAN ICE INDONESIA - Pati',0),(1659,'2024-05-05 07:20:26',179,NULL,NULL,179,'PT. KORINDO SUKSES ABADI - Surabaya',0),(1660,'2024-05-05 07:20:26',179,NULL,NULL,179,'PT. KOTARAJA TANOH PUSAKA - Aceh Barat',0),(1661,'2024-05-05 07:20:26',179,NULL,NULL,179,'PT. LIEN MAOYI INDONESIA - Purwakarta',0),(1662,'2024-05-05 07:20:26',179,NULL,NULL,179,'PT. LIFA JAYA FOOD - Singkawang',0),(1663,'2024-05-05 07:20:26',179,NULL,NULL,179,'PT. LISHENG TRADING INTERNATIONAL - Bojonegoro',0),(1664,'2024-05-05 07:20:26',179,NULL,NULL,179,'PT. LOMBOK MULIA TERANG - Mataram',0),(1665,'2024-05-05 07:20:26',179,NULL,NULL,179,'PT. LONG ICE SUCCESS INDONESIA - Grobongan',0),(1666,'2024-05-05 07:20:26',179,NULL,NULL,179,'PT. MAKMUR SUKSES ABADI BERSAMA INDONESIA - Garut',0),(1667,'2024-05-05 07:20:26',179,NULL,NULL,179,'PT. MAKMUR SUKSES ABADI BERSAMA INDONESIA - Tasikmalaya',0),(1668,'2024-05-05 07:20:26',179,NULL,NULL,179,'PT. MEGA ELANG SUKSES - Sumbawa',0),(1669,'2024-05-05 07:20:26',179,NULL,NULL,179,'PT. MEGA LOMBOK MANDIRI - Lombok Tengah',0),(1670,'2024-05-05 07:20:26',179,NULL,NULL,179,'PT. MITRA PANGAN UTAMA - Kendari',0),(1671,'2024-05-05 07:20:26',179,NULL,NULL,179,'PT. MULTIRASA JAYA BERSAMA - Rangkas Bitung',0),(1672,'2024-05-05 07:20:26',179,NULL,NULL,179,'PT. MUSI DELICIOUS FOOD - Palembang',0),(1673,'2024-05-05 07:20:26',179,NULL,NULL,179,'PT. PRAKARSA INDOCIPTA NUSANTARA - Polewali',0),(1674,'2024-05-05 07:20:26',179,NULL,NULL,179,'PT. PROFIT FOODS TRADING -PASAR REBO',0),(1675,'2024-05-05 07:20:26',179,NULL,NULL,179,'PT. PUSAKA ABADI FOOD - Sigli',0),(1676,'2024-05-05 07:20:26',179,NULL,NULL,179,'PT. QUEEN ICE ASIA - Bangkalan',0),(1677,'2024-05-05 07:20:26',179,NULL,NULL,179,'PT. RAJA ACEH MAKMUR - Aceh Timur',0),(1678,'2024-05-05 07:20:26',179,NULL,NULL,179,'PT. RAJAWALI ASIA BALI - Bali',0),(1679,'2024-05-05 07:20:26',179,NULL,NULL,179,'PT. REALLY DELICIOUS INDONESIA - Lumajang',0),(1680,'2024-05-05 07:20:26',179,NULL,NULL,179,'PT. RUI XUE INTERNATIONAL - Sidoarjo',0),(1681,'2024-05-05 07:20:26',179,NULL,NULL,179,'PT. SAMARINDA ANEKA FROZEN FOOD - Samarinda',0),(1682,'2024-05-05 07:20:26',179,NULL,NULL,179,'PT. SENANG UNTUK BERBAGI - Wonogiri',0),(1683,'2024-05-05 07:20:26',179,NULL,NULL,179,'PT. SENTOSA MEGA INDONESIA - Bulukumba',0),(1684,'2024-05-05 07:20:26',179,NULL,NULL,179,'PT. SHENGLU ZANMEI INTERNATIONAL - Kenjeran',0),(1685,'2024-05-05 07:20:26',179,NULL,NULL,179,'PT. SHUN FAT FOOD - Pare Pare',0),(1686,'2024-05-05 07:20:26',179,NULL,NULL,179,'PT. SHUN ICE PRATAMA - Cianjur',0),(1687,'2024-05-05 07:20:26',179,NULL,NULL,179,'PT. SHUN ICE PRATAMA - Sukabumi',0),(1688,'2024-05-05 07:20:26',179,NULL,NULL,179,'PT. SHUNLI ANEKA FOOD - Balikpapan',0),(1689,'2024-05-05 07:20:26',179,NULL,NULL,179,'PT. SINGULAR POINT ASIA - Madiun',0),(1690,'2024-05-05 07:20:26',179,NULL,NULL,179,'PT. SOLO GREN FOODINDO - Solo',0),(1691,'2024-05-05 07:20:26',179,NULL,NULL,179,'PT. SUMBER AJI JAYA - Bau Bau',0),(1692,'2024-05-05 07:20:26',179,NULL,NULL,179,'PT. TANJUNG HARAPAN NUSANTARA - Cirebon',0),(1693,'2024-05-05 07:20:26',179,NULL,NULL,179,'PT. TOP ESKRIM YUMMY - Jakarta Pusat',0),(1694,'2024-05-05 07:20:26',179,NULL,NULL,179,'PT. TRI UNGGUL BOGAINDO - Depok',0),(1695,'2024-05-05 07:20:26',179,NULL,NULL,179,'PT. VIN MAOYI INDONESIA - Majalengka',0),(1696,'2024-05-05 07:20:26',179,NULL,NULL,179,'PT. XIN YANG FOOD INDONESIA - Semarang',0),(1697,'2024-05-05 07:20:26',179,NULL,NULL,179,'PT. YANGS BOGA INDONESIA - Pekalongan',0),(1698,'2024-05-05 07:20:26',179,NULL,NULL,179,'PT. YAZHOU MEI LING - Tuban',0),(1699,'2024-05-05 07:20:26',179,NULL,NULL,179,'PT. YONG HONG INTERNATIONAL TRADING - Ambon',0),(1700,'2024-05-05 07:20:26',179,NULL,NULL,179,'PT. YONG XING ABADI JAYA - Makassar',0),(1701,'2024-05-05 07:20:26',179,NULL,NULL,179,'PT. YOUNG AND HEALTH INDONESIA - Palopo',0),(1702,'2024-05-05 07:20:26',179,NULL,NULL,179,'PT. YOUYOU GLORY INDUSTRY - Bangka Belitung',0),(1703,'2024-05-05 07:20:26',179,NULL,NULL,179,'BIAK',1),(1704,'2024-05-05 07:20:26',179,NULL,NULL,179,'PADEMANGAN',1),(1705,'2024-05-05 07:20:26',179,NULL,NULL,179,' JATI BARU',1),(1706,'2024-05-05 07:20:26',179,NULL,NULL,179,' HASYIM ASHARI',1),(1707,'2024-05-05 07:20:26',179,NULL,NULL,179,'GALAXY',1),(1708,'2024-05-05 07:20:26',179,NULL,NULL,179,'PAHLAWAN',1);
/*!40000 ALTER TABLE `tb_user_market` ENABLE KEYS */;
UNLOCK TABLES;

--
-- Table structure for table `tb_user_menu`
--

DROP TABLE IF EXISTS `tb_user_menu`;
/*!40101 SET @saved_cs_client     = @@character_set_client */;
/*!40101 SET character_set_client = utf8 */;
CREATE TABLE `tb_user_menu` (
  `tbum_id` int(11) NOT NULL AUTO_INCREMENT,
  `tbum_create_date` datetime DEFAULT NULL,
  `tbum_create_id` int(11) DEFAULT NULL,
  `tbum_update_date` datetime DEFAULT NULL,
  `tbum_update_id` int(11) DEFAULT NULL,
  `tbu_id` int(11) DEFAULT NULL,
  `tbm_id` int(11) DEFAULT NULL,
  `tbum_add` int(11) DEFAULT NULL,
  `tbum_edit` int(11) DEFAULT NULL,
  `tbum_delete` int(11) DEFAULT NULL,
  `tbum_view` int(11) DEFAULT NULL,
  PRIMARY KEY (`tbum_id`),
  KEY `tb_user_menu_tbu_id_index` (`tbu_id`),
  KEY `tb_user_menu_tbm_id_index` (`tbm_id`)
) ENGINE=InnoDB AUTO_INCREMENT=2318 DEFAULT CHARSET=utf8mb4 COLLATE=utf8mb4_general_ci;
/*!40101 SET character_set_client = @saved_cs_client */;

--
-- Dumping data for table `tb_user_menu`
--

LOCK TABLES `tb_user_menu` WRITE;
/*!40000 ALTER TABLE `tb_user_menu` DISABLE KEYS */;
INSERT INTO `tb_user_menu` VALUES (1949,'2023-11-21 11:24:17',24,NULL,NULL,1,8,1,1,1,1),(1950,'2023-11-21 11:24:17',24,NULL,NULL,1,1,1,1,1,1),(1951,'2023-11-21 11:24:17',24,NULL,NULL,1,9,1,1,1,1),(1952,'2023-11-21 11:24:17',24,NULL,NULL,1,2,1,1,1,1),(1953,'2023-11-21 11:24:17',24,NULL,NULL,1,3,1,1,1,1),(1954,'2023-11-21 11:24:17',24,NULL,NULL,1,4,1,1,1,1),(1955,'2023-11-21 11:24:17',24,NULL,NULL,1,5,1,1,1,1),(1956,'2023-11-21 11:24:17',24,NULL,NULL,1,7,1,1,1,1),(1957,'2023-11-21 11:24:17',24,NULL,NULL,1,6,1,1,1,1),(2255,'2023-12-19 10:17:39',1,NULL,NULL,176,8,0,0,0,0),(2256,'2023-12-19 10:17:39',1,NULL,NULL,176,1,0,0,0,0),(2257,'2023-12-19 10:17:39',1,NULL,NULL,176,9,0,0,0,0),(2258,'2023-12-19 10:17:39',1,NULL,NULL,176,2,0,0,0,1),(2259,'2023-12-19 10:17:39',1,NULL,NULL,176,3,0,0,0,0),(2260,'2023-12-19 10:17:39',1,NULL,NULL,176,4,0,0,0,1),(2261,'2023-12-19 10:17:39',1,NULL,NULL,176,5,0,0,0,1),(2262,'2023-12-19 10:17:39',1,NULL,NULL,176,7,0,0,0,0),(2263,'2023-12-19 10:17:39',1,NULL,NULL,176,6,0,0,0,0),(2264,'2023-12-19 10:17:48',1,NULL,NULL,177,8,0,0,0,0),(2265,'2023-12-19 10:17:48',1,NULL,NULL,177,1,0,0,0,0),(2266,'2023-12-19 10:17:48',1,NULL,NULL,177,9,0,0,0,0),(2267,'2023-12-19 10:17:48',1,NULL,NULL,177,2,0,0,0,1),(2268,'2023-12-19 10:17:48',1,NULL,NULL,177,3,0,0,0,0),(2269,'2023-12-19 10:17:48',1,NULL,NULL,177,4,0,0,0,1),(2270,'2023-12-19 10:17:48',1,NULL,NULL,177,5,0,0,0,1),(2271,'2023-12-19 10:17:48',1,NULL,NULL,177,7,0,0,0,0),(2272,'2023-12-19 10:17:48',1,NULL,NULL,177,6,0,0,0,0),(2273,'2023-12-19 10:17:57',1,NULL,NULL,178,8,0,0,0,0),(2274,'2023-12-19 10:17:57',1,NULL,NULL,178,1,0,0,0,0),(2275,'2023-12-19 10:17:57',1,NULL,NULL,178,9,0,0,0,0),(2276,'2023-12-19 10:17:57',1,NULL,NULL,178,2,0,0,0,1),(2277,'2023-12-19 10:17:57',1,NULL,NULL,178,3,0,0,0,0),(2278,'2023-12-19 10:17:57',1,NULL,NULL,178,4,0,0,0,1),(2279,'2023-12-19 10:17:57',1,NULL,NULL,178,5,0,0,0,1),(2280,'2023-12-19 10:17:57',1,NULL,NULL,178,7,0,0,0,0),(2281,'2023-12-19 10:17:57',1,NULL,NULL,178,6,0,0,0,0),(2309,'2024-05-05 07:20:26',179,NULL,NULL,179,8,0,0,0,1),(2310,'2024-05-05 07:20:26',179,NULL,NULL,179,1,0,0,0,1),(2311,'2024-05-05 07:20:26',179,NULL,NULL,179,9,0,0,0,1),(2312,'2024-05-05 07:20:26',179,NULL,NULL,179,2,0,0,0,1),(2313,'2024-05-05 07:20:26',179,NULL,NULL,179,3,0,0,0,1),(2314,'2024-05-05 07:20:26',179,NULL,NULL,179,4,0,0,0,1),(2315,'2024-05-05 07:20:26',179,NULL,NULL,179,5,0,0,0,1),(2316,'2024-05-05 07:20:26',179,NULL,NULL,179,7,0,0,0,1),(2317,'2024-05-05 07:20:26',179,NULL,NULL,179,6,0,0,0,1);
/*!40000 ALTER TABLE `tb_user_menu` ENABLE KEYS */;
UNLOCK TABLES;

--
-- Temporary table structure for view `view_user_brand`
--

DROP TABLE IF EXISTS `view_user_brand`;
/*!50001 DROP VIEW IF EXISTS `view_user_brand`*/;
SET @saved_cs_client     = @@character_set_client;
SET character_set_client = utf8;
/*!50001 CREATE VIEW `view_user_brand` AS SELECT
 1 AS `uuid`,
  1 AS `tbu_id`,
  1 AS `tbu_email`,
  1 AS `tbu_firstname`,
  1 AS `tbu_lastname`,
  1 AS `tbb_brand`,
  1 AS `tbb_brand_id`,
  1 AS `tbb_brand_check` */;
SET character_set_client = @saved_cs_client;

--
-- Temporary table structure for view `view_user_menu`
--

DROP TABLE IF EXISTS `view_user_menu`;
/*!50001 DROP VIEW IF EXISTS `view_user_menu`*/;
SET @saved_cs_client     = @@character_set_client;
SET character_set_client = utf8;
/*!50001 CREATE VIEW `view_user_menu` AS SELECT
 1 AS `uuid`,
  1 AS `tbu_id`,
  1 AS `tbu_email`,
  1 AS `tbu_firstname`,
  1 AS `tbu_lastname`,
  1 AS `tbm_id`,
  1 AS `tbm_name`,
  1 AS `tbum_add`,
  1 AS `tbum_edit`,
  1 AS `tbum_delete`,
  1 AS `tbum_view`,
  1 AS `tbm_sort` */;
SET character_set_client = @saved_cs_client;

--
-- Final view structure for view `view_user_brand`
--

/*!50001 DROP VIEW IF EXISTS `view_user_brand`*/;
/*!50001 SET @saved_cs_client          = @@character_set_client */;
/*!50001 SET @saved_cs_results         = @@character_set_results */;
/*!50001 SET @saved_col_connection     = @@collation_connection */;
/*!50001 SET character_set_client      = utf8mb4 */;
/*!50001 SET character_set_results     = utf8mb4 */;
/*!50001 SET collation_connection      = utf8mb4_general_ci */;
/*!50001 CREATE ALGORITHM=UNDEFINED */
/*!50013 DEFINER=`root`@`localhost` SQL SECURITY DEFINER */
/*!50001 VIEW `view_user_brand` AS select uuid() AS `uuid`,`tbu`.`tbu_id` AS `tbu_id`,`tbu`.`tbu_email` AS `tbu_email`,`tbu`.`tbu_firstname` AS `tbu_firstname`,`tbu`.`tbu_lastname` AS `tbu_lastname`,`tbub`.`tbb_brand` AS `tbb_brand`,`tbub`.`tbb_brand_id` AS `tbb_brand_id`,`tbub`.`tbb_brand_check` AS `tbb_brand_check` from (`tb_user` `tbu` join `tb_user_brand` `tbub` on(`tbu`.`tbu_id` = `tbub`.`tbu_id`)) */;
/*!50001 SET character_set_client      = @saved_cs_client */;
/*!50001 SET character_set_results     = @saved_cs_results */;
/*!50001 SET collation_connection      = @saved_col_connection */;

--
-- Final view structure for view `view_user_menu`
--

/*!50001 DROP VIEW IF EXISTS `view_user_menu`*/;
/*!50001 SET @saved_cs_client          = @@character_set_client */;
/*!50001 SET @saved_cs_results         = @@character_set_results */;
/*!50001 SET @saved_col_connection     = @@collation_connection */;
/*!50001 SET character_set_client      = utf8mb4 */;
/*!50001 SET character_set_results     = utf8mb4 */;
/*!50001 SET collation_connection      = utf8mb4_general_ci */;
/*!50001 CREATE ALGORITHM=UNDEFINED */
/*!50013 DEFINER=`root`@`localhost` SQL SECURITY DEFINER */
/*!50001 VIEW `view_user_menu` AS select uuid() AS `uuid`,`tbu`.`tbu_id` AS `tbu_id`,`tbu`.`tbu_email` AS `tbu_email`,`tbu`.`tbu_firstname` AS `tbu_firstname`,`tbu`.`tbu_lastname` AS `tbu_lastname`,`tbm`.`tbm_id` AS `tbm_id`,`tbm`.`tbm_name` AS `tbm_name`,`tbum`.`tbum_add` AS `tbum_add`,`tbum`.`tbum_edit` AS `tbum_edit`,`tbum`.`tbum_delete` AS `tbum_delete`,`tbum`.`tbum_view` AS `tbum_view`,`tbm`.`tbm_sort` AS `tbm_sort` from ((`tb_user` `tbu` join `tb_user_menu` `tbum` on(`tbu`.`tbu_id` = `tbum`.`tbu_id`)) join `tb_menu` `tbm` on(`tbum`.`tbm_id` = `tbm`.`tbm_id`)) */;
/*!50001 SET character_set_client      = @saved_cs_client */;
/*!50001 SET character_set_results     = @saved_cs_results */;
/*!50001 SET collation_connection      = @saved_col_connection */;
/*!40103 SET TIME_ZONE=@OLD_TIME_ZONE */;

/*!40101 SET SQL_MODE=@OLD_SQL_MODE */;
/*!40014 SET FOREIGN_KEY_CHECKS=@OLD_FOREIGN_KEY_CHECKS */;
/*!40014 SET UNIQUE_CHECKS=@OLD_UNIQUE_CHECKS */;
/*!40101 SET CHARACTER_SET_CLIENT=@OLD_CHARACTER_SET_CLIENT */;
/*!40101 SET CHARACTER_SET_RESULTS=@OLD_CHARACTER_SET_RESULTS */;
/*!40101 SET COLLATION_CONNECTION=@OLD_COLLATION_CONNECTION */;
/*!40111 SET SQL_NOTES=@OLD_SQL_NOTES */;

-- Dump completed on 2024-05-05  7:21:06
