-- MariaDB dump 10.19  Distrib 10.4.27-MariaDB, for Win64 (AMD64)
--
-- Host: localhost    Database: bsd_api_dms_order
-- ------------------------------------------------------
-- Server version	10.4.27-MariaDB

/*!40101 SET @OLD_CHARACTER_SET_CLIENT=@@CHARACTER_SET_CLIENT */;
/*!40101 SET @OLD_CHARACTER_SET_RESULTS=@@CHARACTER_SET_RESULTS */;
/*!40101 SET @OLD_COLLATION_CONNECTION=@@COLLATION_CONNECTION */;
/*!40101 SET NAMES utf8mb4 */;
/*!40103 SET @OLD_TIME_ZONE=@@TIME_ZONE */;
/*!40103 SET TIME_ZONE='+00:00' */;
/*!40014 SET @OLD_UNIQUE_CHECKS=@@UNIQUE_CHECKS, UNIQUE_CHECKS=0 */;
/*!40014 SET @OLD_FOREIGN_KEY_CHECKS=@@FOREIGN_KEY_CHECKS, FOREIGN_KEY_CHECKS=0 */;
/*!40101 SET @OLD_SQL_MODE=@@SQL_MODE, SQL_MODE='NO_AUTO_VALUE_ON_ZERO' */;
/*!40111 SET @OLD_SQL_NOTES=@@SQL_NOTES, SQL_NOTES=0 */;

--
-- Table structure for table `tb_brand`
--

DROP TABLE IF EXISTS `tb_brand`;
/*!40101 SET @saved_cs_client     = @@character_set_client */;
/*!40101 SET character_set_client = utf8 */;
CREATE TABLE `tb_brand` (
  `tbb_id` int(11) NOT NULL AUTO_INCREMENT,
  `tbb_create_date` datetime DEFAULT NULL,
  `tbb_create_id` int(11) DEFAULT NULL,
  `tbb_update_date` datetime DEFAULT NULL,
  `tbb_update_id` int(11) DEFAULT NULL,
  `tbb_brand_id` varchar(5) DEFAULT NULL,
  `tbb_brand` varchar(255) DEFAULT NULL,
  PRIMARY KEY (`tbb_id`),
  KEY `tb_brand_tbb_brand_id_index` (`tbb_brand_id`),
  KEY `tb_brand_tbb_brand_index` (`tbb_brand`)
) ENGINE=InnoDB AUTO_INCREMENT=2 DEFAULT CHARSET=utf8mb4 COLLATE=utf8mb4_general_ci;
/*!40101 SET character_set_client = @saved_cs_client */;

--
-- Dumping data for table `tb_brand`
--

LOCK TABLES `tb_brand` WRITE;
/*!40000 ALTER TABLE `tb_brand` DISABLE KEYS */;
INSERT INTO `tb_brand` VALUES (1,'2023-10-15 11:34:57',1,NULL,NULL,'MAMAS','Mamasuka');
/*!40000 ALTER TABLE `tb_brand` ENABLE KEYS */;
UNLOCK TABLES;

--
-- Table structure for table `tb_order`
--

DROP TABLE IF EXISTS `tb_order`;
/*!40101 SET @saved_cs_client     = @@character_set_client */;
/*!40101 SET character_set_client = utf8 */;
CREATE TABLE `tb_order` (
  `tbo_id` int(11) NOT NULL AUTO_INCREMENT,
  `tbo_create_date` datetime DEFAULT NULL,
  `tbo_create_id` int(11) DEFAULT NULL,
  `tbo_update_date` datetime DEFAULT NULL,
  `tbo_update_id` int(11) DEFAULT NULL,
  `tbo_row` int(11) DEFAULT NULL,
  `tbo_brand` varchar(255) DEFAULT NULL,
  `tbo_market_id` varchar(255) DEFAULT NULL,
  `tbo_qc_id` int(11) DEFAULT NULL,
  `tbo_seq` int(11) DEFAULT NULL,
  `tbo_max_seq` int(11) DEFAULT NULL,
  `tbo_order_sq` varchar(255) DEFAULT NULL,
  `tbo_order_no` varchar(255) DEFAULT NULL,
  `tbo_sku` varchar(255) DEFAULT NULL,
  `tbo_item` varchar(255) DEFAULT NULL,
  `tbo_code` varchar(255) DEFAULT NULL,
  `tbo_loc` varchar(255) DEFAULT NULL,
  `tbo_qty` int(11) DEFAULT NULL,
  `tbo_diskon_from_market` decimal(20,10) DEFAULT NULL,
  `tbo_unit_price` decimal(20,10) DEFAULT NULL,
  `tbo_diskon_total` decimal(20,10) DEFAULT NULL,
  `tbo_paid_total` decimal(20,10) DEFAULT NULL,
  `tbo_order_sum` decimal(20,10) DEFAULT NULL,
  `tbo_name` varchar(255) DEFAULT NULL,
  `tbo_hp` varchar(255) DEFAULT NULL,
  `tbo_address1` varchar(1000) DEFAULT NULL,
  `tbo_address2` varchar(1000) DEFAULT NULL,
  `tbo_address3` varchar(1000) DEFAULT NULL,
  `tbo_address4` varchar(1000) DEFAULT NULL,
  `tbo_address5` varchar(1000) DEFAULT NULL,
  `tbo_full_address` varchar(1000) DEFAULT NULL,
  `tbo_awb` varchar(255) DEFAULT NULL,
  `tbo_status` varchar(255) DEFAULT NULL,
  `tbo_file` varchar(255) DEFAULT NULL,
  `tbo_check` varchar(255) DEFAULT NULL,
  `tbo_notes` varchar(1000) DEFAULT NULL,
  `tbo_type` varchar(255) DEFAULT NULL,
  `tbo_type_not_packed` varchar(255) DEFAULT NULL,
  `tbo_frontliner` varchar(255) DEFAULT NULL,
  PRIMARY KEY (`tbo_id`),
  UNIQUE KEY `tb_order_key_1` (`tbo_order_no`,`tbo_seq`,`tbo_sku`),
  KEY `tb_order_tbo_brand_index` (`tbo_brand`),
  KEY `tb_order_tbo_market_index` (`tbo_market_id`),
  KEY `tb_order_tbo_sku_index` (`tbo_sku`),
  KEY `tb_order_tbo_item_index` (`tbo_item`),
  KEY `tb_order_tbo_code_index` (`tbo_code`),
  KEY `tb_order_tbo_awb_index` (`tbo_awb`),
  KEY `tb_order_tbo_status_index` (`tbo_status`),
  KEY `tb_order_tbo_check_index` (`tbo_check`),
  KEY `tb_order_tbo_type_index` (`tbo_type`),
  KEY `tb_order_tbo_type_not_packed_index` (`tbo_type_not_packed`)
) ENGINE=InnoDB AUTO_INCREMENT=109 DEFAULT CHARSET=utf8mb4 COLLATE=utf8mb4_general_ci;
/*!40101 SET character_set_client = @saved_cs_client */;

--
-- Dumping data for table `tb_order`
--

LOCK TABLES `tb_order` WRITE;
/*!40000 ALTER TABLE `tb_order` DISABLE KEYS */;
INSERT INTO `tb_order` VALUES (1,'2023-11-01 00:08:34',17,NULL,NULL,1,'Mamasuka','DIST_DKI',1,1,1,'1/1','INV/20230929/MMS/00','4.140402.016','Lemonilo Chimi Jagung Bakar 24x50Gr','NO Barcode','',30,0.0000000000,1000.0000000000,0.0000000000,1000.0000000000,1000.0000000000,'INDOGROSIR','','Jl. Sisingamangaraja No.29b, Harjosari I, Kec. Medan Amplas, Kota Medan, Sumatera Utara 20148, Indonesia','Sumatera Utara','Kota Medan','Medan Amplas','Harjosari I','Jl. Sisingamangaraja No.29b, Harjosari I, Kec. Medan Amplas, Kota Medan, Sumatera Utara 20148, Indonesia','9S2H41691P7IGAQ','Delivered','uunuobrcia-zzwfsf8u7g-sample_Order_File_mamasuka_v3 - 100 data.xlsx','OK',NULL,'Order','Order','Frontliner Abc'),(2,'2023-11-01 00:08:34',17,NULL,NULL,2,'Mamasuka','DIST_DKI',1,1,1,'1/2','INV/20230929/MMS/01','4.140401.027','Lemonilo Mie Goreng 20x80 gr','NO Barcode','',86,0.0000000000,1000.0000000000,0.0000000000,1000.0000000000,1000.0000000000,'INDOGROSIR','','Jl. Sisingamangaraja No.29b, Harjosari I, Kec. Medan Amplas, Kota Medan, Sumatera Utara 20148, Indonesia','Sumatera Utara','Kota Medan','Medan Amplas','Harjosari I','Jl. Sisingamangaraja No.29b, Harjosari I, Kec. Medan Amplas, Kota Medan, Sumatera Utara 20148, Indonesia','01218ZOH4MFACKT','Packed','uunuobrcia-zzwfsf8u7g-sample_Order_File_mamasuka_v3 - 100 data.xlsx','OK',NULL,'Order','Order','Frontliner Abc'),(3,'2023-11-01 00:08:34',17,NULL,NULL,3,'Mamasuka','DIST_DKI',1,1,1,'1/3','INV/20230929/MMS/02','4.140402.017','Lemonilo Chimi Jagung Balado 24x50G','NO Barcode','',20,0.0000000000,1000.0000000000,0.0000000000,1000.0000000000,1000.0000000000,'INDOGROSIR','','Jl. Sisingamangaraja No.29b, Harjosari I, Kec. Medan Amplas, Kota Medan, Sumatera Utara 20148, Indonesia','Sumatera Utara','Kota Medan','Medan Amplas','Harjosari I','Jl. Sisingamangaraja No.29b, Harjosari I, Kec. Medan Amplas, Kota Medan, Sumatera Utara 20148, Indonesia','UN7PDPPU64PSK2T','Packed','uunuobrcia-zzwfsf8u7g-sample_Order_File_mamasuka_v3 - 100 data.xlsx','OK',NULL,'Order','Order','Frontliner Abc'),(4,'2023-11-01 00:08:34',17,NULL,NULL,4,'Mamasuka','DIST_DKI',1,1,1,'1/4','INV/20230929/MMS/03','4.140401.028','Lemonilo Mie Bawang 20x70 gr','NO Barcode','',45,0.0000000000,1000.0000000000,0.0000000000,1000.0000000000,1000.0000000000,'INDOGROSIR','','Jl. Sisingamangaraja No.29b, Harjosari I, Kec. Medan Amplas, Kota Medan, Sumatera Utara 20148, Indonesia','Sumatera Utara','Kota Medan','Medan Amplas','Harjosari I','Jl. Sisingamangaraja No.29b, Harjosari I, Kec. Medan Amplas, Kota Medan, Sumatera Utara 20148, Indonesia','CRSGYDMK80FN695','Packed','uunuobrcia-zzwfsf8u7g-sample_Order_File_mamasuka_v3 - 100 data.xlsx','OK',NULL,'Order','Order','Frontliner Abc'),(5,'2023-11-01 00:08:34',17,NULL,NULL,5,'Mamasuka','DIST_DKI',1,1,1,'1/5','INV/20230929/MMS/04','4.140401.012','Lemonilo Mie Pedas Korea 20x85 gr','NO Barcode','',31,0.0000000000,1000.0000000000,0.0000000000,1000.0000000000,1000.0000000000,'INDOGROSIR','','Jl. Sisingamangaraja No.29b, Harjosari I, Kec. Medan Amplas, Kota Medan, Sumatera Utara 20148, Indonesia','Sumatera Utara','Kota Medan','Medan Amplas','Harjosari I','Jl. Sisingamangaraja No.29b, Harjosari I, Kec. Medan Amplas, Kota Medan, Sumatera Utara 20148, Indonesia','1RY72TQ5G5TVK5T','Packed','uunuobrcia-zzwfsf8u7g-sample_Order_File_mamasuka_v3 - 100 data.xlsx','OK',NULL,'Order','Order','Frontliner Abc'),(6,'2023-11-01 00:08:34',17,NULL,NULL,6,'Mamasuka','DIST_DKI',1,1,1,'1/6','INV/20230929/MMS/05','4.140401.027','Lemonilo Mie Goreng 20x80 gr','NO Barcode','',40,0.0000000000,1000.0000000000,0.0000000000,1000.0000000000,1000.0000000000,'YOGYA SUKABUMI','','Kota Sukabumi','Jawa Barat','Kota Sukabumi','','','Kota Sukabumi','12ZXINF0DOL7RC8','Packed','uunuobrcia-zzwfsf8u7g-sample_Order_File_mamasuka_v3 - 100 data.xlsx','OK',NULL,'Order','Order','Frontliner Abc'),(7,'2023-11-01 00:08:34',17,NULL,NULL,7,'Mamasuka','DIST_DKI',1,1,1,'1/7','INV/20230929/MMS/06','4.140401.028','Lemonilo Mie Bawang 20x70 gr','NO Barcode','',4,0.0000000000,1000.0000000000,0.0000000000,1000.0000000000,1000.0000000000,'YOGYA SUKABUMI','','Kota Sukabumi','Jawa Barat','Kota Sukabumi','','','Kota Sukabumi','VUH0G7ZGV1N4E40','Packed','uunuobrcia-zzwfsf8u7g-sample_Order_File_mamasuka_v3 - 100 data.xlsx','OK',NULL,'Order','Order','Frontliner Abc'),(8,'2023-11-01 00:08:34',17,NULL,NULL,8,'Mamasuka','DIST_DKI',1,1,1,'1/8','INV/20230929/MMS/07','4.140401.012','Lemonilo Mie Pedas Korea 20x85 gr','NO Barcode','',10,0.0000000000,1000.0000000000,0.0000000000,1000.0000000000,1000.0000000000,'YOGYA SUKABUMI','','Kota Sukabumi','Jawa Barat','Kota Sukabumi','','','Kota Sukabumi','9NNXVDDKQ4AFPS9','Packed','uunuobrcia-zzwfsf8u7g-sample_Order_File_mamasuka_v3 - 100 data.xlsx','OK',NULL,'Order','Order','Frontliner Abc'),(9,'2023-11-01 00:08:34',17,NULL,NULL,9,'Mamasuka','DIST_DKI',1,1,1,'1/9','INV/20230929/MMS/08','4.140401.011','Lemonilo Mie Rendang 20x77 gr','NO Barcode','',2,0.0000000000,1000.0000000000,0.0000000000,1000.0000000000,1000.0000000000,'YOGYA SUKABUMI','','Kota Sukabumi','Jawa Barat','Kota Sukabumi','','','Kota Sukabumi','MTDWWTR49UFPOQC','Packed','uunuobrcia-zzwfsf8u7g-sample_Order_File_mamasuka_v3 - 100 data.xlsx','OK',NULL,'Order','Order','Frontliner Abc'),(10,'2023-11-01 00:08:34',17,NULL,NULL,10,'Mamasuka','DIST_DKI',1,1,1,'1/10','INV/20230929/MMS/09','Skunew003','Lemonilo Ramen Jepang','NO Barcode','',5,0.0000000000,1000.0000000000,0.0000000000,1000.0000000000,1000.0000000000,'YOGYA SUKABUMI','','Kota Sukabumi','Jawa Barat','Kota Sukabumi','','','Kota Sukabumi','Q6XBNDQ3LNYBNS4','Packed','uunuobrcia-zzwfsf8u7g-sample_Order_File_mamasuka_v3 - 100 data.xlsx','OK',NULL,'Order','Order','Frontliner Abc'),(11,'2023-11-01 00:08:34',17,NULL,NULL,11,'Mamasuka','DIST_DKI',1,1,1,'1/11','INV/20230929/MMS/10','8997232970046','Lemonilo Brownies Crispy Chocochips 40 GR','NO Barcode','',25,0.0000000000,1000.0000000000,0.0000000000,1000.0000000000,1000.0000000000,'YOGYA SUKABUMI','','Kota Sukabumi','Jawa Barat','Kota Sukabumi','','','Kota Sukabumi','D072OZHHT96QA2E','Packed','uunuobrcia-zzwfsf8u7g-sample_Order_File_mamasuka_v3 - 100 data.xlsx','OK',NULL,'Order','Order','Frontliner Abc'),(12,'2023-11-01 00:08:34',17,NULL,NULL,12,'Mamasuka','DIST_DKI',1,1,1,'1/12','INV/20230929/MMS/11','8997232970053','Lemonilo Brownies Crispy Keju 40 GR','NO Barcode','',34,0.0000000000,1000.0000000000,0.0000000000,1000.0000000000,1000.0000000000,'YOGYA SUKABUMI','','Kota Sukabumi','Jawa Barat','Kota Sukabumi','','','Kota Sukabumi','J0JI20RI6XP53EH','Packed','uunuobrcia-zzwfsf8u7g-sample_Order_File_mamasuka_v3 - 100 data.xlsx','OK',NULL,'Order','Order','Frontliner Abc'),(13,'2023-11-01 00:08:34',17,NULL,NULL,13,'Mamasuka','DIST_DKI',1,1,1,'1/13','INV/20230929/MMS/12','4.140402.016','Lemonilo Chimi Jagung Bakar 24x50Gr','NO Barcode','',27,0.0000000000,1000.0000000000,0.0000000000,1000.0000000000,1000.0000000000,'YOGYA SUKABUMI','','Kota Sukabumi','Jawa Barat','Kota Sukabumi','','','Kota Sukabumi','UARXCPZD78KMPCL','Packed','uunuobrcia-zzwfsf8u7g-sample_Order_File_mamasuka_v3 - 100 data.xlsx','OK',NULL,'Order','Order','Frontliner Abc'),(14,'2023-11-01 00:08:34',17,NULL,NULL,14,'Mamasuka','DIST_DKI',1,1,1,'1/14','INV/20230929/MMS/13','4.140402.017','Lemonilo Chimi Jagung Balado 24x50G','NO Barcode','',6,0.0000000000,1000.0000000000,0.0000000000,1000.0000000000,1000.0000000000,'YOGYA SUKABUMI','','Kota Sukabumi','Jawa Barat','Kota Sukabumi','','','Kota Sukabumi','EIHZ2C6I86WSWKM','Packed','uunuobrcia-zzwfsf8u7g-sample_Order_File_mamasuka_v3 - 100 data.xlsx','OK',NULL,'Order','Order','Frontliner Abc'),(15,'2023-11-01 00:08:34',17,NULL,NULL,15,'Mamasuka','DIST_DKI',1,1,1,'1/15','INV/20230929/MMS/14','8997232970046','Lemonilo Brownies Crispy Chocochips 40 GR','NO Barcode','',5,0.0000000000,1000.0000000000,0.0000000000,1000.0000000000,1000.0000000000,'BRASTAGI TIARA','','Jl. Imam Bonjol No.25, Hamdan, Kec. Medan Maimun, Kota Medan, Sumatera Utara 20212, Indonesia','Sumatera Utara','Kota Medan','Medan Polonia','Madras Hulu','Jl. Imam Bonjol No.25, Hamdan, Kec. Medan Maimun, Kota Medan, Sumatera Utara 20212, Indonesia','SGNQ57YAA1XU9I1','Packed','uunuobrcia-zzwfsf8u7g-sample_Order_File_mamasuka_v3 - 100 data.xlsx','OK',NULL,'Order','Order','Frontliner Abc'),(16,'2023-11-01 00:08:34',17,NULL,NULL,16,'Mamasuka','DIST_DKI',1,1,1,'1/16','INV/20230929/MMS/15','8997232970053','Lemonilo Brownies Crispy Keju 40 GR','NO Barcode','',0,0.0000000000,1000.0000000000,0.0000000000,1000.0000000000,1000.0000000000,'BRASTAGI TIARA','','Jl. Imam Bonjol No.25, Hamdan, Kec. Medan Maimun, Kota Medan, Sumatera Utara 20212, Indonesia','Sumatera Utara','Kota Medan','Medan Polonia','Madras Hulu','Jl. Imam Bonjol No.25, Hamdan, Kec. Medan Maimun, Kota Medan, Sumatera Utara 20212, Indonesia','XEABC533PHSS09F','Packed','uunuobrcia-zzwfsf8u7g-sample_Order_File_mamasuka_v3 - 100 data.xlsx','OK',NULL,'Order','Order','Frontliner Abc'),(17,'2023-11-01 00:08:34',17,NULL,NULL,17,'Mamasuka','DIST_DKI',1,1,1,'1/17','INV/20230929/MMS/16','4.140402.016','Lemonilo Chimi Jagung Bakar 24x50Gr','NO Barcode','',7,0.0000000000,1000.0000000000,0.0000000000,1000.0000000000,1000.0000000000,'BRASTAGI TIARA','','Jl. Imam Bonjol No.25, Hamdan, Kec. Medan Maimun, Kota Medan, Sumatera Utara 20212, Indonesia','Sumatera Utara','Kota Medan','Medan Polonia','Madras Hulu','Jl. Imam Bonjol No.25, Hamdan, Kec. Medan Maimun, Kota Medan, Sumatera Utara 20212, Indonesia','5R1DJMKAWPM1RUR','Packed','uunuobrcia-zzwfsf8u7g-sample_Order_File_mamasuka_v3 - 100 data.xlsx','OK',NULL,'Order','Order','Frontliner Abc'),(18,'2023-11-01 00:08:34',17,NULL,NULL,18,'Mamasuka','DIST_DKI',1,1,1,'1/18','INV/20230929/MMS/17','4.140402.017','Lemonilo Chimi Jagung Balado 24x50G','NO Barcode','',6,0.0000000000,1000.0000000000,0.0000000000,1000.0000000000,1000.0000000000,'BRASTAGI TIARA','','Jl. Imam Bonjol No.25, Hamdan, Kec. Medan Maimun, Kota Medan, Sumatera Utara 20212, Indonesia','Sumatera Utara','Kota Medan','Medan Polonia','Madras Hulu','Jl. Imam Bonjol No.25, Hamdan, Kec. Medan Maimun, Kota Medan, Sumatera Utara 20212, Indonesia','1N6P01B704VX8FL','Packed','uunuobrcia-zzwfsf8u7g-sample_Order_File_mamasuka_v3 - 100 data.xlsx','OK',NULL,'Order','Order','Frontliner Abc'),(19,'2023-11-01 00:08:34',17,NULL,NULL,19,'Mamasuka','DIST_DKI',1,1,1,'1/19','INV/20230929/MMS/18','Skunew002','Lemonilo Kuah Rasa Soto Koya 60GR','NO Barcode','',27,0.0000000000,1000.0000000000,0.0000000000,1000.0000000000,1000.0000000000,'BRASTAGI TIARA','','Jl. Imam Bonjol No.25, Hamdan, Kec. Medan Maimun, Kota Medan, Sumatera Utara 20212, Indonesia','Sumatera Utara','Kota Medan','Medan Polonia','Madras Hulu','Jl. Imam Bonjol No.25, Hamdan, Kec. Medan Maimun, Kota Medan, Sumatera Utara 20212, Indonesia','ZO9T3IP3WNIQYB3','Packed','uunuobrcia-zzwfsf8u7g-sample_Order_File_mamasuka_v3 - 100 data.xlsx','OK',NULL,'Order','Order','Frontliner Abc'),(20,'2023-11-01 00:08:34',17,NULL,NULL,20,'Mamasuka','DIST_DKI',1,1,1,'1/20','INV/20230929/MMS/19','4.140401.028','Lemonilo Mie Bawang 20x70 gr','NO Barcode','',19,0.0000000000,1000.0000000000,0.0000000000,1000.0000000000,1000.0000000000,'BRASTAGI TIARA','','Jl. Imam Bonjol No.25, Hamdan, Kec. Medan Maimun, Kota Medan, Sumatera Utara 20212, Indonesia','Sumatera Utara','Kota Medan','Medan Polonia','Madras Hulu','Jl. Imam Bonjol No.25, Hamdan, Kec. Medan Maimun, Kota Medan, Sumatera Utara 20212, Indonesia','RNI2QHOZPTQ1FA1','Packed','uunuobrcia-zzwfsf8u7g-sample_Order_File_mamasuka_v3 - 100 data.xlsx','OK',NULL,'Order','Order','Frontliner Abc'),(21,'2023-11-01 00:08:34',17,NULL,NULL,21,'Mamasuka','DIST_DKI',1,1,1,'1/21','INV/20230929/MMS/20','4.140401.027','Lemonilo Mie Goreng 20x80 gr','NO Barcode','',41,0.0000000000,1000.0000000000,0.0000000000,1000.0000000000,1000.0000000000,'BRASTAGI TIARA','','Jl. Imam Bonjol No.25, Hamdan, Kec. Medan Maimun, Kota Medan, Sumatera Utara 20212, Indonesia','Sumatera Utara','Kota Medan','Medan Polonia','Madras Hulu','Jl. Imam Bonjol No.25, Hamdan, Kec. Medan Maimun, Kota Medan, Sumatera Utara 20212, Indonesia','HU6UWZU92R7VA5Y','Packed','uunuobrcia-zzwfsf8u7g-sample_Order_File_mamasuka_v3 - 100 data.xlsx','OK',NULL,'Order','Order','Frontliner Abc'),(22,'2023-11-01 00:08:34',17,NULL,NULL,22,'Mamasuka','DIST_DKI',1,1,1,'1/22','INV/20230929/MMS/21','4.140401.011','Lemonilo Mie Rendang 20x77 gr','NO Barcode','',18,0.0000000000,1000.0000000000,0.0000000000,1000.0000000000,1000.0000000000,'BRASTAGI TIARA','','Jl. Imam Bonjol No.25, Hamdan, Kec. Medan Maimun, Kota Medan, Sumatera Utara 20212, Indonesia','Sumatera Utara','Kota Medan','Medan Polonia','Madras Hulu','Jl. Imam Bonjol No.25, Hamdan, Kec. Medan Maimun, Kota Medan, Sumatera Utara 20212, Indonesia','S4LPVCR01PEBJUB','Packed','uunuobrcia-zzwfsf8u7g-sample_Order_File_mamasuka_v3 - 100 data.xlsx','OK',NULL,'Order','Order','Frontliner Abc'),(23,'2023-11-01 00:08:34',17,NULL,NULL,23,'Mamasuka','DIST_DKI',1,1,1,'1/23','INV/20230929/MMS/22','4.140401.012','Lemonilo Mie Pedas Korea 20x85 gr','NO Barcode','',22,0.0000000000,1000.0000000000,0.0000000000,1000.0000000000,1000.0000000000,'BRASTAGI TIARA','','Jl. Imam Bonjol No.25, Hamdan, Kec. Medan Maimun, Kota Medan, Sumatera Utara 20212, Indonesia','Sumatera Utara','Kota Medan','Medan Polonia','Madras Hulu','Jl. Imam Bonjol No.25, Hamdan, Kec. Medan Maimun, Kota Medan, Sumatera Utara 20212, Indonesia','D414ALN4P73I7X7','Packed','uunuobrcia-zzwfsf8u7g-sample_Order_File_mamasuka_v3 - 100 data.xlsx','OK',NULL,'Order','Order','Frontliner Abc'),(24,'2023-11-01 00:08:34',17,NULL,NULL,24,'Mamasuka','DIST_DKI',1,1,1,'1/24','INV/20230929/MMS/23','4.140401.027','Lemonilo Mie Goreng 20x80 gr','NO Barcode','',36,0.0000000000,1000.0000000000,0.0000000000,1000.0000000000,1000.0000000000,'INDOGROSIR SUKABUMI','','2WXG+8V8, Jayamekar, Kec. Baros, Kota Sukabumi, Jawa Barat 43161, Indonesia','Jawa Barat','Kota Sukabumi','Baros','Baros','2WXG+8V8, Jayamekar, Kec. Baros, Kota Sukabumi, Jawa Barat 43161, Indonesia','R727408MXNARJY5','Packed','uunuobrcia-zzwfsf8u7g-sample_Order_File_mamasuka_v3 - 100 data.xlsx','OK',NULL,'Order','Order','Frontliner Abc'),(25,'2023-11-01 00:08:34',17,NULL,NULL,25,'Mamasuka','DIST_DKI',1,1,1,'1/25','INV/20230929/MMS/24','4.140401.029','Lemonilo Mie Kari Ayam 20x73 gr','NO Barcode','',2,0.0000000000,1000.0000000000,0.0000000000,1000.0000000000,1000.0000000000,'INDOGROSIR SUKABUMI','','2WXG+8V8, Jayamekar, Kec. Baros, Kota Sukabumi, Jawa Barat 43161, Indonesia','Jawa Barat','Kota Sukabumi','Baros','Baros','2WXG+8V8, Jayamekar, Kec. Baros, Kota Sukabumi, Jawa Barat 43161, Indonesia','ZCTSYFZZUQ2GY3L','Packed','uunuobrcia-zzwfsf8u7g-sample_Order_File_mamasuka_v3 - 100 data.xlsx','OK',NULL,'Order','Order','Frontliner Abc'),(26,'2023-11-01 00:08:34',17,NULL,NULL,26,'Mamasuka','DIST_DKI',1,1,1,'1/26','INV/20230929/MMS/25','4.140401.028','Lemonilo Mie Bawang 20x70 gr','NO Barcode','',3,0.0000000000,1000.0000000000,0.0000000000,1000.0000000000,1000.0000000000,'INDOGROSIR SUKABUMI','','2WXG+8V8, Jayamekar, Kec. Baros, Kota Sukabumi, Jawa Barat 43161, Indonesia','Jawa Barat','Kota Sukabumi','Baros','Baros','2WXG+8V8, Jayamekar, Kec. Baros, Kota Sukabumi, Jawa Barat 43161, Indonesia','LQB0HDN8MZ60D5V','Packed','uunuobrcia-zzwfsf8u7g-sample_Order_File_mamasuka_v3 - 100 data.xlsx','OK',NULL,'Order','Order','Frontliner Abc'),(27,'2023-11-01 00:08:34',17,NULL,NULL,27,'Mamasuka','DIST_DKI',1,1,1,'1/27','INV/20230929/MMS/26','4.140401.012','Lemonilo Mie Pedas Korea 20x85 gr','NO Barcode','',8,0.0000000000,1000.0000000000,0.0000000000,1000.0000000000,1000.0000000000,'INDOGROSIR SUKABUMI','','2WXG+8V8, Jayamekar, Kec. Baros, Kota Sukabumi, Jawa Barat 43161, Indonesia','Jawa Barat','Kota Sukabumi','Baros','Baros','2WXG+8V8, Jayamekar, Kec. Baros, Kota Sukabumi, Jawa Barat 43161, Indonesia','ZVHVEGN8A558GV9','Packed','uunuobrcia-zzwfsf8u7g-sample_Order_File_mamasuka_v3 - 100 data.xlsx','OK',NULL,'Order','Order','Frontliner Abc'),(28,'2023-11-01 00:08:34',17,NULL,NULL,28,'Mamasuka','DIST_DKI',1,1,1,'1/28','INV/20230929/MMS/27','4.140402.016','Lemonilo Chimi Jagung Bakar 24x50Gr','NO Barcode','',16,0.0000000000,1000.0000000000,0.0000000000,1000.0000000000,1000.0000000000,'INDOGROSIR SUKABUMI','','2WXG+8V8, Jayamekar, Kec. Baros, Kota Sukabumi, Jawa Barat 43161, Indonesia','Jawa Barat','Kota Sukabumi','Baros','Baros','2WXG+8V8, Jayamekar, Kec. Baros, Kota Sukabumi, Jawa Barat 43161, Indonesia','TBERW97OJEZ5GVY','Packed','uunuobrcia-zzwfsf8u7g-sample_Order_File_mamasuka_v3 - 100 data.xlsx','OK',NULL,'Order','Order','Frontliner Abc'),(29,'2023-11-01 00:08:34',17,NULL,NULL,29,'Mamasuka','DIST_DKI',1,1,1,'1/29','INV/20230929/MMS/28','4.140402.017','Lemonilo Chimi Jagung Balado 24x50G','NO Barcode','',5,0.0000000000,1000.0000000000,0.0000000000,1000.0000000000,1000.0000000000,'INDOGROSIR SUKABUMI','','2WXG+8V8, Jayamekar, Kec. Baros, Kota Sukabumi, Jawa Barat 43161, Indonesia','Jawa Barat','Kota Sukabumi','Baros','Baros','2WXG+8V8, Jayamekar, Kec. Baros, Kota Sukabumi, Jawa Barat 43161, Indonesia','MDWTFMHBXO76EMM','Packed','uunuobrcia-zzwfsf8u7g-sample_Order_File_mamasuka_v3 - 100 data.xlsx','OK',NULL,'Order','Order','Frontliner Abc'),(30,'2023-11-01 00:08:34',17,NULL,NULL,30,'Mamasuka','DIST_DKI',1,1,1,'1/30','INV/20230929/MMS/29','4.140402.016','Lemonilo Chimi Jagung Bakar 24x50Gr','NO Barcode','',0,0.0000000000,1000.0000000000,0.0000000000,1000.0000000000,1000.0000000000,'CV IRIAN BAHAGIA BERSAMA','','Kota Medan','Sumatera Utara','Kota Medan','','','Kota Medan','R0IRMBOM23DCX9M','Packed','uunuobrcia-zzwfsf8u7g-sample_Order_File_mamasuka_v3 - 100 data.xlsx','OK',NULL,'Order','Order','Frontliner Abc'),(31,'2023-11-01 00:08:34',17,NULL,NULL,31,'Mamasuka','DIST_DKI',1,1,1,'1/31','INV/20230929/MMS/30','4.140402.017','Lemonilo Chimi Jagung Balado 24x50G','NO Barcode','',4,0.0000000000,1000.0000000000,0.0000000000,1000.0000000000,1000.0000000000,'CV IRIAN BAHAGIA BERSAMA','','Kota Medan','Sumatera Utara','Kota Medan','','','Kota Medan','EBCFB7U00136I9R','Packed','uunuobrcia-zzwfsf8u7g-sample_Order_File_mamasuka_v3 - 100 data.xlsx','OK',NULL,'Order','Order','Frontliner Abc'),(32,'2023-11-01 00:08:34',17,NULL,NULL,32,'Mamasuka','DIST_DKI',1,1,1,'1/32','INV/20230929/MMS/31','4.140401.028','Lemonilo Mie Bawang 20x70 gr','NO Barcode','',26,0.0000000000,1000.0000000000,0.0000000000,1000.0000000000,1000.0000000000,'CV IRIAN BAHAGIA BERSAMA','','Kota Medan','Sumatera Utara','Kota Medan','','','Kota Medan','4HYJX7Y85U0O47J','Packed','uunuobrcia-zzwfsf8u7g-sample_Order_File_mamasuka_v3 - 100 data.xlsx','OK',NULL,'Order','Order','Frontliner Abc'),(33,'2023-11-01 00:08:34',17,NULL,NULL,33,'Mamasuka','DIST_DKI',1,1,1,'1/33','INV/20230929/MMS/32','4.140401.027','Lemonilo Mie Goreng 20x80 gr','NO Barcode','',45,0.0000000000,1000.0000000000,0.0000000000,1000.0000000000,1000.0000000000,'CV IRIAN BAHAGIA BERSAMA','','Kota Medan','Sumatera Utara','Kota Medan','','','Kota Medan','1HOXMXLD1GCR6KL','Packed','uunuobrcia-zzwfsf8u7g-sample_Order_File_mamasuka_v3 - 100 data.xlsx','OK',NULL,'Order','Order','Frontliner Abc'),(34,'2023-11-01 00:08:34',17,NULL,NULL,34,'Mamasuka','DIST_DKI',1,1,1,'1/34','INV/20230929/MMS/33','4.140401.012','Lemonilo Mie Pedas Korea 20x85 gr','NO Barcode','',18,0.0000000000,1000.0000000000,0.0000000000,1000.0000000000,1000.0000000000,'CV IRIAN BAHAGIA BERSAMA','','Kota Medan','Sumatera Utara','Kota Medan','','','Kota Medan','98YX88WUB064352','Packed','uunuobrcia-zzwfsf8u7g-sample_Order_File_mamasuka_v3 - 100 data.xlsx','OK',NULL,'Order','Order','Frontliner Abc'),(35,'2023-11-01 00:08:34',17,NULL,NULL,35,'Mamasuka','DIST_DKI',1,1,1,'1/35','INV/20230929/MMS/34','4.140401.011','Lemonilo Mie Rendang 20x77 gr','NO Barcode','',18,0.0000000000,1000.0000000000,0.0000000000,1000.0000000000,1000.0000000000,'CV IRIAN BAHAGIA BERSAMA','','Kota Medan','Sumatera Utara','Kota Medan','','','Kota Medan','NAJQKSM5SKDO8A4','Packed','uunuobrcia-zzwfsf8u7g-sample_Order_File_mamasuka_v3 - 100 data.xlsx','OK',NULL,'Order','Order','Frontliner Abc'),(36,'2023-11-01 00:08:34',17,NULL,NULL,36,'Mamasuka','DIST_DKI',1,1,1,'1/36','INV/20230929/MMS/35','8997232970046','Lemonilo Brownies Crispy Chocochips 40 GR','NO Barcode','',8,0.0000000000,1000.0000000000,0.0000000000,1000.0000000000,1000.0000000000,'BRASTAGI GATSU','','Jl. Panci No.51c, Sei Putih Tengah, Kec. Medan Petisah, Kota Medan, Sumatera Utara 20113, Indonesia','Sumatera Utara','Kota Medan','Medan Petisah','Sei Putih Tengah','Jl. Panci No.51c, Sei Putih Tengah, Kec. Medan Petisah, Kota Medan, Sumatera Utara 20113, Indonesia','36XZ0XTWV0CXJLU','Packed','uunuobrcia-zzwfsf8u7g-sample_Order_File_mamasuka_v3 - 100 data.xlsx','OK',NULL,'Order','Order','Frontliner Abc'),(37,'2023-11-01 00:08:34',17,NULL,NULL,37,'Mamasuka','DIST_DKI',1,1,1,'1/37','INV/20230929/MMS/36','4.140402.016','Lemonilo Chimi Jagung Bakar 24x50Gr','NO Barcode','',6,0.0000000000,1000.0000000000,0.0000000000,1000.0000000000,1000.0000000000,'BRASTAGI GATSU','','Jl. Panci No.51c, Sei Putih Tengah, Kec. Medan Petisah, Kota Medan, Sumatera Utara 20113, Indonesia','Sumatera Utara','Kota Medan','Medan Petisah','Sei Putih Tengah','Jl. Panci No.51c, Sei Putih Tengah, Kec. Medan Petisah, Kota Medan, Sumatera Utara 20113, Indonesia','O2EZ4P6BQAJEYXA','Packed','uunuobrcia-zzwfsf8u7g-sample_Order_File_mamasuka_v3 - 100 data.xlsx','OK',NULL,'Order','Order','Frontliner Abc'),(38,'2023-11-01 00:08:34',17,NULL,NULL,38,'Mamasuka','DIST_DKI',1,1,1,'1/38','INV/20230929/MMS/37','4.140402.017','Lemonilo Chimi Jagung Balado 24x50G','NO Barcode','',5,0.0000000000,1000.0000000000,0.0000000000,1000.0000000000,1000.0000000000,'BRASTAGI GATSU','','Jl. Panci No.51c, Sei Putih Tengah, Kec. Medan Petisah, Kota Medan, Sumatera Utara 20113, Indonesia','Sumatera Utara','Kota Medan','Medan Petisah','Sei Putih Tengah','Jl. Panci No.51c, Sei Putih Tengah, Kec. Medan Petisah, Kota Medan, Sumatera Utara 20113, Indonesia','GSWTK22V6GGT0K4','Packed','uunuobrcia-zzwfsf8u7g-sample_Order_File_mamasuka_v3 - 100 data.xlsx','OK',NULL,'Order','Order','Frontliner Abc'),(39,'2023-11-01 00:08:34',17,NULL,NULL,39,'Mamasuka','DIST_DKI',1,1,1,'1/39','INV/20230929/MMS/38','Skunew002','Lemonilo Kuah Rasa Soto Koya 60GR','NO Barcode','',29,0.0000000000,1000.0000000000,0.0000000000,1000.0000000000,1000.0000000000,'BRASTAGI GATSU','','Jl. Panci No.51c, Sei Putih Tengah, Kec. Medan Petisah, Kota Medan, Sumatera Utara 20113, Indonesia','Sumatera Utara','Kota Medan','Medan Petisah','Sei Putih Tengah','Jl. Panci No.51c, Sei Putih Tengah, Kec. Medan Petisah, Kota Medan, Sumatera Utara 20113, Indonesia','NX5N4JEGVCCO7JG','Packed','uunuobrcia-zzwfsf8u7g-sample_Order_File_mamasuka_v3 - 100 data.xlsx','OK',NULL,'Order','Order','Frontliner Abc'),(40,'2023-11-01 00:08:34',17,NULL,NULL,40,'Mamasuka','DIST_DKI',1,1,1,'1/40','INV/20230929/MMS/39','4.140401.028','Lemonilo Mie Bawang 20x70 gr','NO Barcode','',21,0.0000000000,1000.0000000000,0.0000000000,1000.0000000000,1000.0000000000,'BRASTAGI GATSU','','Jl. Panci No.51c, Sei Putih Tengah, Kec. Medan Petisah, Kota Medan, Sumatera Utara 20113, Indonesia','Sumatera Utara','Kota Medan','Medan Petisah','Sei Putih Tengah','Jl. Panci No.51c, Sei Putih Tengah, Kec. Medan Petisah, Kota Medan, Sumatera Utara 20113, Indonesia','XJWKPD1VKQQG6CR','Packed','uunuobrcia-zzwfsf8u7g-sample_Order_File_mamasuka_v3 - 100 data.xlsx','OK',NULL,'Order','Order','Frontliner Abc'),(41,'2023-11-01 00:08:34',17,NULL,NULL,41,'Mamasuka','DIST_DKI',1,1,1,'1/41','INV/20230929/MMS/40','4.140401.027','Lemonilo Mie Goreng 20x80 gr','NO Barcode','',42,0.0000000000,1000.0000000000,0.0000000000,1000.0000000000,1000.0000000000,'BRASTAGI GATSU','','Jl. Panci No.51c, Sei Putih Tengah, Kec. Medan Petisah, Kota Medan, Sumatera Utara 20113, Indonesia','Sumatera Utara','Kota Medan','Medan Petisah','Sei Putih Tengah','Jl. Panci No.51c, Sei Putih Tengah, Kec. Medan Petisah, Kota Medan, Sumatera Utara 20113, Indonesia','VHPSI8SK9R9R40P','Packed','uunuobrcia-zzwfsf8u7g-sample_Order_File_mamasuka_v3 - 100 data.xlsx','OK',NULL,'Order','Order','Frontliner Abc'),(42,'2023-11-01 00:08:34',17,NULL,NULL,42,'Mamasuka','DIST_DKI',1,1,1,'1/42','INV/20230929/MMS/41','4.140401.012','Lemonilo Mie Pedas Korea 20x85 gr','NO Barcode','',27,0.0000000000,1000.0000000000,0.0000000000,1000.0000000000,1000.0000000000,'BRASTAGI GATSU','','Jl. Panci No.51c, Sei Putih Tengah, Kec. Medan Petisah, Kota Medan, Sumatera Utara 20113, Indonesia','Sumatera Utara','Kota Medan','Medan Petisah','Sei Putih Tengah','Jl. Panci No.51c, Sei Putih Tengah, Kec. Medan Petisah, Kota Medan, Sumatera Utara 20113, Indonesia','9QQ1JC2YY67DL4T','Packed','uunuobrcia-zzwfsf8u7g-sample_Order_File_mamasuka_v3 - 100 data.xlsx','OK',NULL,'Order','Order','Frontliner Abc'),(43,'2023-11-01 00:08:34',17,NULL,NULL,43,'Mamasuka','DIST_DKI',1,1,1,'1/43','INV/20230929/MMS/42','4.140401.011','Lemonilo Mie Rendang 20x77 gr','NO Barcode','',26,0.0000000000,1000.0000000000,0.0000000000,1000.0000000000,1000.0000000000,'BRASTAGI GATSU','','Jl. Panci No.51c, Sei Putih Tengah, Kec. Medan Petisah, Kota Medan, Sumatera Utara 20113, Indonesia','Sumatera Utara','Kota Medan','Medan Petisah','Sei Putih Tengah','Jl. Panci No.51c, Sei Putih Tengah, Kec. Medan Petisah, Kota Medan, Sumatera Utara 20113, Indonesia','HF8J6HEMA0RKYDD','Packed','uunuobrcia-zzwfsf8u7g-sample_Order_File_mamasuka_v3 - 100 data.xlsx','OK',NULL,'Order','Order','Frontliner Abc'),(44,'2023-11-01 00:08:34',17,NULL,NULL,44,'Mamasuka','DIST_DKI',1,1,1,'1/44','INV/20230929/MMS/43','4.140402.016','Lemonilo Chimi Jagung Bakar 24x50Gr','NO Barcode','',36,0.0000000000,1000.0000000000,0.0000000000,1000.0000000000,1000.0000000000,'INDOGROSIR','','Jl. Sisingamangaraja No.29b, Harjosari I, Kec. Medan Amplas, Kota Medan, Sumatera Utara 20148, Indonesia','Sumatera Utara','Kota Medan','Medan Amplas','Harjosari I','Jl. Sisingamangaraja No.29b, Harjosari I, Kec. Medan Amplas, Kota Medan, Sumatera Utara 20148, Indonesia','ZAB9KVYGZ1AH4D0','Packed','uunuobrcia-zzwfsf8u7g-sample_Order_File_mamasuka_v3 - 100 data.xlsx','OK',NULL,'Order','Order','Frontliner Abc'),(45,'2023-11-01 00:08:34',17,NULL,NULL,45,'Mamasuka','DIST_DKI',1,1,1,'1/45','INV/20230929/MMS/44','4.140402.017','Lemonilo Chimi Jagung Balado 24x50G','NO Barcode','',25,0.0000000000,1000.0000000000,0.0000000000,1000.0000000000,1000.0000000000,'INDOGROSIR','','Jl. Sisingamangaraja No.29b, Harjosari I, Kec. Medan Amplas, Kota Medan, Sumatera Utara 20148, Indonesia','Sumatera Utara','Kota Medan','Medan Amplas','Harjosari I','Jl. Sisingamangaraja No.29b, Harjosari I, Kec. Medan Amplas, Kota Medan, Sumatera Utara 20148, Indonesia','6RS4X4SHZ77YZYT','Packed','uunuobrcia-zzwfsf8u7g-sample_Order_File_mamasuka_v3 - 100 data.xlsx','OK',NULL,'Order','Order','Frontliner Abc'),(46,'2023-11-01 00:08:34',17,NULL,NULL,46,'Mamasuka','DIST_DKI',1,1,1,'1/46','INV/20230929/MMS/45','4.140401.027','Lemonilo Mie Goreng 20x80 gr','NO Barcode','',35,0.0000000000,1000.0000000000,0.0000000000,1000.0000000000,1000.0000000000,'INDOGROSIR','','Jl. Sisingamangaraja No.29b, Harjosari I, Kec. Medan Amplas, Kota Medan, Sumatera Utara 20148, Indonesia','Sumatera Utara','Kota Medan','Medan Amplas','Harjosari I','Jl. Sisingamangaraja No.29b, Harjosari I, Kec. Medan Amplas, Kota Medan, Sumatera Utara 20148, Indonesia','YAS2MT71V79IUJX','Packed','uunuobrcia-zzwfsf8u7g-sample_Order_File_mamasuka_v3 - 100 data.xlsx','OK',NULL,'Order','Order','Frontliner Abc'),(47,'2023-11-01 00:08:34',17,NULL,NULL,47,'Mamasuka','DIST_DKI',1,1,1,'1/47','INV/20230929/MMS/46','4.140401.028','Lemonilo Mie Bawang 20x70 gr','NO Barcode','',7,0.0000000000,1000.0000000000,0.0000000000,1000.0000000000,1000.0000000000,'INDOGROSIR','','Jl. Sisingamangaraja No.29b, Harjosari I, Kec. Medan Amplas, Kota Medan, Sumatera Utara 20148, Indonesia','Sumatera Utara','Kota Medan','Medan Amplas','Harjosari I','Jl. Sisingamangaraja No.29b, Harjosari I, Kec. Medan Amplas, Kota Medan, Sumatera Utara 20148, Indonesia','B7SX0DJU962T5LE','Packed','uunuobrcia-zzwfsf8u7g-sample_Order_File_mamasuka_v3 - 100 data.xlsx','OK',NULL,'Order','Order','Frontliner Abc'),(48,'2023-11-01 00:08:34',17,NULL,NULL,48,'Mamasuka','DIST_DKI',1,1,1,'1/48','INV/20230929/MMS/47','4.140401.012','Lemonilo Mie Pedas Korea 20x85 gr','NO Barcode','',40,0.0000000000,1000.0000000000,0.0000000000,1000.0000000000,1000.0000000000,'INDOGROSIR','','Jl. Sisingamangaraja No.29b, Harjosari I, Kec. Medan Amplas, Kota Medan, Sumatera Utara 20148, Indonesia','Sumatera Utara','Kota Medan','Medan Amplas','Harjosari I','Jl. Sisingamangaraja No.29b, Harjosari I, Kec. Medan Amplas, Kota Medan, Sumatera Utara 20148, Indonesia','5YA5KMI8WP6Y3ZR','Packed','uunuobrcia-zzwfsf8u7g-sample_Order_File_mamasuka_v3 - 100 data.xlsx','OK',NULL,'Order','Order','Frontliner Abc'),(49,'2023-11-01 00:08:34',17,NULL,NULL,49,'Mamasuka','DIST_DKI',1,1,1,'1/49','INV/20230929/MMS/48','4.140401.027','Lemonilo Mie Goreng 20x80 gr','NO Barcode','',42,0.0000000000,1000.0000000000,0.0000000000,1000.0000000000,1000.0000000000,'YOGYA SUKABUMI','','Kota Sukabumi','Jawa Barat','Kota Sukabumi','','','Kota Sukabumi','5LKLIRCZLH5ZTM9','Packed','uunuobrcia-zzwfsf8u7g-sample_Order_File_mamasuka_v3 - 100 data.xlsx','OK',NULL,'Order','Order','Frontliner Abc'),(50,'2023-11-01 00:08:34',17,NULL,NULL,50,'Mamasuka','DIST_DKI',1,1,1,'1/50','INV/20230929/MMS/49','4.140401.028','Lemonilo Mie Bawang 20x70 gr','NO Barcode','',4,0.0000000000,1000.0000000000,0.0000000000,1000.0000000000,1000.0000000000,'YOGYA SUKABUMI','','Kota Sukabumi','Jawa Barat','Kota Sukabumi','','','Kota Sukabumi','10Y8A12AMHLRUP1','Packed','uunuobrcia-zzwfsf8u7g-sample_Order_File_mamasuka_v3 - 100 data.xlsx','OK',NULL,'Order','Order','Frontliner Abc'),(51,'2023-11-01 00:08:34',17,NULL,NULL,51,'Mamasuka','DIST_DKI',1,1,1,'1/51','INV/20230929/MMS/50','4.140401.012','Lemonilo Mie Pedas Korea 20x85 gr','NO Barcode','',10,0.0000000000,1000.0000000000,0.0000000000,1000.0000000000,1000.0000000000,'YOGYA SUKABUMI','','Kota Sukabumi','Jawa Barat','Kota Sukabumi','','','Kota Sukabumi','6A8QZC9VAUNQANV','Packed','uunuobrcia-zzwfsf8u7g-sample_Order_File_mamasuka_v3 - 100 data.xlsx','OK',NULL,'Order','Order','Frontliner Abc'),(52,'2023-11-01 00:08:34',17,NULL,NULL,52,'Mamasuka','DIST_DKI',1,1,1,'1/52','INV/20230929/MMS/51','4.140401.011','Lemonilo Mie Rendang 20x77 gr','NO Barcode','',2,0.0000000000,1000.0000000000,0.0000000000,1000.0000000000,1000.0000000000,'YOGYA SUKABUMI','','Kota Sukabumi','Jawa Barat','Kota Sukabumi','','','Kota Sukabumi','A3NCZF90D585R2V','Packed','uunuobrcia-zzwfsf8u7g-sample_Order_File_mamasuka_v3 - 100 data.xlsx','OK',NULL,'Order','Order','Frontliner Abc'),(53,'2023-11-01 00:08:34',17,NULL,NULL,53,'Mamasuka','DIST_DKI',1,1,1,'1/53','INV/20230929/MMS/52','Skunew002','Lemonilo Kuah Rasa Soto Koya 60GR','NO Barcode','',2,0.0000000000,1000.0000000000,0.0000000000,1000.0000000000,1000.0000000000,'YOGYA SUKABUMI','','Kota Sukabumi','Jawa Barat','Kota Sukabumi','','','Kota Sukabumi','76KBK2FHOZNLDQJ','Packed','uunuobrcia-zzwfsf8u7g-sample_Order_File_mamasuka_v3 - 100 data.xlsx','OK',NULL,'Order','Order','Frontliner Abc'),(54,'2023-11-01 00:08:34',17,NULL,NULL,54,'Mamasuka','DIST_DKI',1,1,1,'1/54','INV/20230929/MMS/53','Skunew003','Lemonilo Ramen Jepang','NO Barcode','',5,0.0000000000,1000.0000000000,0.0000000000,1000.0000000000,1000.0000000000,'YOGYA SUKABUMI','','Kota Sukabumi','Jawa Barat','Kota Sukabumi','','','Kota Sukabumi','FPODEUJQH82X8TD','Packed','uunuobrcia-zzwfsf8u7g-sample_Order_File_mamasuka_v3 - 100 data.xlsx','OK',NULL,'Order','Order','Frontliner Abc'),(55,'2023-11-01 00:08:34',17,NULL,NULL,55,'Mamasuka','DIST_DKI',1,1,1,'1/55','INV/20230929/MMS/54','8997232970046','Lemonilo Brownies Crispy Chocochips 40 GR','NO Barcode','',18,0.0000000000,1000.0000000000,0.0000000000,1000.0000000000,1000.0000000000,'YOGYA SUKABUMI','','Kota Sukabumi','Jawa Barat','Kota Sukabumi','','','Kota Sukabumi','10T56KVNFYTJ2PM','Packed','uunuobrcia-zzwfsf8u7g-sample_Order_File_mamasuka_v3 - 100 data.xlsx','OK',NULL,'Order','Order','Frontliner Abc'),(56,'2023-11-01 00:08:34',17,NULL,NULL,56,'Mamasuka','DIST_DKI',1,1,1,'1/56','INV/20230929/MMS/55','8997232970053','Lemonilo Brownies Crispy Keju 40 GR','NO Barcode','',39,0.0000000000,1000.0000000000,0.0000000000,1000.0000000000,1000.0000000000,'YOGYA SUKABUMI','','Kota Sukabumi','Jawa Barat','Kota Sukabumi','','','Kota Sukabumi','L26EV3X3ZESUK40','Packed','uunuobrcia-zzwfsf8u7g-sample_Order_File_mamasuka_v3 - 100 data.xlsx','OK',NULL,'Order','Order','Frontliner Abc'),(57,'2023-11-01 00:08:34',17,NULL,NULL,57,'Mamasuka','DIST_DKI',1,1,1,'1/57','INV/20230929/MMS/56','4.140402.016','Lemonilo Chimi Jagung Bakar 24x50Gr','NO Barcode','',25,0.0000000000,1000.0000000000,0.0000000000,1000.0000000000,1000.0000000000,'YOGYA SUKABUMI','','Kota Sukabumi','Jawa Barat','Kota Sukabumi','','','Kota Sukabumi','QUQQCD3FNOJEXRV','Packed','uunuobrcia-zzwfsf8u7g-sample_Order_File_mamasuka_v3 - 100 data.xlsx','OK',NULL,'Order','Order','Frontliner Abc'),(58,'2023-11-01 00:08:34',17,NULL,NULL,58,'Mamasuka','DIST_DKI',1,1,1,'1/58','INV/20230929/MMS/57','4.140402.017','Lemonilo Chimi Jagung Balado 24x50G','NO Barcode','',5,0.0000000000,1000.0000000000,0.0000000000,1000.0000000000,1000.0000000000,'YOGYA SUKABUMI','','Kota Sukabumi','Jawa Barat','Kota Sukabumi','','','Kota Sukabumi','UPMY8EB8CK5ZAD5','Packed','uunuobrcia-zzwfsf8u7g-sample_Order_File_mamasuka_v3 - 100 data.xlsx','OK',NULL,'Order','Order','Frontliner Abc'),(59,'2023-11-01 00:08:34',17,NULL,NULL,59,'Mamasuka','DIST_DKI',1,1,1,'1/59','INV/20230929/MMS/58','8997232970046','Lemonilo Brownies Crispy Chocochips 40 GR','NO Barcode','',11,0.0000000000,1000.0000000000,0.0000000000,1000.0000000000,1000.0000000000,'BRASTAGI TIARA','','Jl. Imam Bonjol No.25, Hamdan, Kec. Medan Maimun, Kota Medan, Sumatera Utara 20212, Indonesia','Sumatera Utara','Kota Medan','Medan Polonia','Madras Hulu','Jl. Imam Bonjol No.25, Hamdan, Kec. Medan Maimun, Kota Medan, Sumatera Utara 20212, Indonesia','HBA3VP9X8CSWSW0','Packed','uunuobrcia-zzwfsf8u7g-sample_Order_File_mamasuka_v3 - 100 data.xlsx','OK',NULL,'Order','Order','Frontliner Abc'),(60,'2023-11-01 00:08:34',17,NULL,NULL,60,'Mamasuka','DIST_DKI',1,1,1,'1/60','INV/20230929/MMS/59','4.140402.016','Lemonilo Chimi Jagung Bakar 24x50Gr','NO Barcode','',9,0.0000000000,1000.0000000000,0.0000000000,1000.0000000000,1000.0000000000,'BRASTAGI TIARA','','Jl. Imam Bonjol No.25, Hamdan, Kec. Medan Maimun, Kota Medan, Sumatera Utara 20212, Indonesia','Sumatera Utara','Kota Medan','Medan Polonia','Madras Hulu','Jl. Imam Bonjol No.25, Hamdan, Kec. Medan Maimun, Kota Medan, Sumatera Utara 20212, Indonesia','JM27FDWH7O1MGKP','Packed','uunuobrcia-zzwfsf8u7g-sample_Order_File_mamasuka_v3 - 100 data.xlsx','OK',NULL,'Order','Order','Frontliner Abc'),(61,'2023-11-01 00:08:34',17,NULL,NULL,61,'Mamasuka','DIST_DKI',1,1,1,'1/61','INV/20230929/MMS/60','4.140402.017','Lemonilo Chimi Jagung Balado 24x50G','NO Barcode','',9,0.0000000000,1000.0000000000,0.0000000000,1000.0000000000,1000.0000000000,'BRASTAGI TIARA','','Jl. Imam Bonjol No.25, Hamdan, Kec. Medan Maimun, Kota Medan, Sumatera Utara 20212, Indonesia','Sumatera Utara','Kota Medan','Medan Polonia','Madras Hulu','Jl. Imam Bonjol No.25, Hamdan, Kec. Medan Maimun, Kota Medan, Sumatera Utara 20212, Indonesia','W20PXVC3ZDE676Q','Packed','uunuobrcia-zzwfsf8u7g-sample_Order_File_mamasuka_v3 - 100 data.xlsx','OK',NULL,'Order','Order','Frontliner Abc'),(62,'2023-11-01 00:08:34',17,NULL,NULL,62,'Mamasuka','DIST_DKI',1,1,1,'1/62','INV/20230929/MMS/61','Skunew002','Lemonilo Kuah Rasa Soto Koya 60GR','NO Barcode','',13,0.0000000000,1000.0000000000,0.0000000000,1000.0000000000,1000.0000000000,'BRASTAGI TIARA','','Jl. Imam Bonjol No.25, Hamdan, Kec. Medan Maimun, Kota Medan, Sumatera Utara 20212, Indonesia','Sumatera Utara','Kota Medan','Medan Polonia','Madras Hulu','Jl. Imam Bonjol No.25, Hamdan, Kec. Medan Maimun, Kota Medan, Sumatera Utara 20212, Indonesia','EFHA6J40Y6KK5AY','Packed','uunuobrcia-zzwfsf8u7g-sample_Order_File_mamasuka_v3 - 100 data.xlsx','OK',NULL,'Order','Order','Frontliner Abc'),(63,'2023-11-01 00:08:34',17,NULL,NULL,63,'Mamasuka','DIST_DKI',1,1,1,'1/63','INV/20230929/MMS/62','4.140401.028','Lemonilo Mie Bawang 20x70 gr','NO Barcode','',22,0.0000000000,1000.0000000000,0.0000000000,1000.0000000000,1000.0000000000,'BRASTAGI TIARA','','Jl. Imam Bonjol No.25, Hamdan, Kec. Medan Maimun, Kota Medan, Sumatera Utara 20212, Indonesia','Sumatera Utara','Kota Medan','Medan Polonia','Madras Hulu','Jl. Imam Bonjol No.25, Hamdan, Kec. Medan Maimun, Kota Medan, Sumatera Utara 20212, Indonesia','0O91WP0H39RPDWZ','Packed','uunuobrcia-zzwfsf8u7g-sample_Order_File_mamasuka_v3 - 100 data.xlsx','OK',NULL,'Order','Order','Frontliner Abc'),(64,'2023-11-01 00:08:34',17,NULL,NULL,64,'Mamasuka','DIST_DKI',1,1,1,'1/64','INV/20230929/MMS/63','4.140401.027','Lemonilo Mie Goreng 20x80 gr','NO Barcode','',58,0.0000000000,1000.0000000000,0.0000000000,1000.0000000000,1000.0000000000,'BRASTAGI TIARA','','Jl. Imam Bonjol No.25, Hamdan, Kec. Medan Maimun, Kota Medan, Sumatera Utara 20212, Indonesia','Sumatera Utara','Kota Medan','Medan Polonia','Madras Hulu','Jl. Imam Bonjol No.25, Hamdan, Kec. Medan Maimun, Kota Medan, Sumatera Utara 20212, Indonesia','S04P9NNHDYZWR1C','Packed','uunuobrcia-zzwfsf8u7g-sample_Order_File_mamasuka_v3 - 100 data.xlsx','OK',NULL,'Order','Order','Frontliner Abc'),(65,'2023-11-01 00:08:34',17,NULL,NULL,65,'Mamasuka','DIST_DKI',1,1,1,'1/65','INV/20230929/MMS/64','4.140401.012','Lemonilo Mie Pedas Korea 20x85 gr','NO Barcode','',26,0.0000000000,1000.0000000000,0.0000000000,1000.0000000000,1000.0000000000,'BRASTAGI TIARA','','Jl. Imam Bonjol No.25, Hamdan, Kec. Medan Maimun, Kota Medan, Sumatera Utara 20212, Indonesia','Sumatera Utara','Kota Medan','Medan Polonia','Madras Hulu','Jl. Imam Bonjol No.25, Hamdan, Kec. Medan Maimun, Kota Medan, Sumatera Utara 20212, Indonesia','FVW8VY2GZVPU6X4','Packed','uunuobrcia-zzwfsf8u7g-sample_Order_File_mamasuka_v3 - 100 data.xlsx','OK',NULL,'Order','Order','Frontliner Abc'),(66,'2023-11-01 00:08:34',17,NULL,NULL,66,'Mamasuka','DIST_DKI',1,1,1,'1/66','INV/20230929/MMS/65','4.140401.011','Lemonilo Mie Rendang 20x77 gr','NO Barcode','',10,0.0000000000,1000.0000000000,0.0000000000,1000.0000000000,1000.0000000000,'BRASTAGI TIARA','','Jl. Imam Bonjol No.25, Hamdan, Kec. Medan Maimun, Kota Medan, Sumatera Utara 20212, Indonesia','Sumatera Utara','Kota Medan','Medan Polonia','Madras Hulu','Jl. Imam Bonjol No.25, Hamdan, Kec. Medan Maimun, Kota Medan, Sumatera Utara 20212, Indonesia','67K4SDJJYE2NKN7','Packed','uunuobrcia-zzwfsf8u7g-sample_Order_File_mamasuka_v3 - 100 data.xlsx','OK',NULL,'Order','Order','Frontliner Abc'),(67,'2023-11-01 00:08:34',17,NULL,NULL,67,'Mamasuka','DIST_DKI',1,1,1,'1/67','INV/20230929/MMS/66','4.140402.016','Lemonilo Chimi Jagung Bakar 24x50Gr','NO Barcode','',0,0.0000000000,1000.0000000000,0.0000000000,1000.0000000000,1000.0000000000,'CV IRIAN BAHAGIA BERSAMA','','Kota Medan','Sumatera Utara','Kota Medan','','','Kota Medan','A52D1AFEH7JXDAZ','Packed','uunuobrcia-zzwfsf8u7g-sample_Order_File_mamasuka_v3 - 100 data.xlsx','OK',NULL,'Order','Order','Frontliner Abc'),(68,'2023-11-01 00:08:34',17,NULL,NULL,68,'Mamasuka','DIST_DKI',1,1,1,'1/68','INV/20230929/MMS/67','4.140402.017','Lemonilo Chimi Jagung Balado 24x50G','NO Barcode','',5,0.0000000000,1000.0000000000,0.0000000000,1000.0000000000,1000.0000000000,'CV IRIAN BAHAGIA BERSAMA','','Kota Medan','Sumatera Utara','Kota Medan','','','Kota Medan','4WJF0SZ6BZJFVEY','Packed','uunuobrcia-zzwfsf8u7g-sample_Order_File_mamasuka_v3 - 100 data.xlsx','OK',NULL,'Order','Order','Frontliner Abc'),(69,'2023-11-01 00:08:34',17,NULL,NULL,69,'Mamasuka','DIST_DKI',1,1,1,'1/69','INV/20230929/MMS/68','4.140401.028','Lemonilo Mie Bawang 20x70 gr','NO Barcode','',22,0.0000000000,1000.0000000000,0.0000000000,1000.0000000000,1000.0000000000,'CV IRIAN BAHAGIA BERSAMA','','Kota Medan','Sumatera Utara','Kota Medan','','','Kota Medan','MZ34US6ZKULH9RN','Packed','uunuobrcia-zzwfsf8u7g-sample_Order_File_mamasuka_v3 - 100 data.xlsx','OK',NULL,'Order','Order','Frontliner Abc'),(70,'2023-11-01 00:08:34',17,NULL,NULL,70,'Mamasuka','DIST_DKI',1,1,1,'1/70','INV/20230929/MMS/69','4.140401.027','Lemonilo Mie Goreng 20x80 gr','NO Barcode','',40,0.0000000000,1000.0000000000,0.0000000000,1000.0000000000,1000.0000000000,'CV IRIAN BAHAGIA BERSAMA','','Kota Medan','Sumatera Utara','Kota Medan','','','Kota Medan','RU4QOWYHP01SE87','Packed','uunuobrcia-zzwfsf8u7g-sample_Order_File_mamasuka_v3 - 100 data.xlsx','OK',NULL,'Order','Order','Frontliner Abc'),(71,'2023-11-01 00:08:34',17,NULL,NULL,71,'Mamasuka','DIST_DKI',1,1,1,'1/71','INV/20230929/MMS/70','4.140401.012','Lemonilo Mie Pedas Korea 20x85 gr','NO Barcode','',25,0.0000000000,1000.0000000000,0.0000000000,1000.0000000000,1000.0000000000,'CV IRIAN BAHAGIA BERSAMA','','Kota Medan','Sumatera Utara','Kota Medan','','','Kota Medan','71C1X1B98BN748S','Packed','uunuobrcia-zzwfsf8u7g-sample_Order_File_mamasuka_v3 - 100 data.xlsx','OK',NULL,'Order','Order','Frontliner Abc'),(72,'2023-11-01 00:08:34',17,NULL,NULL,72,'Mamasuka','DIST_DKI',1,1,1,'1/72','INV/20230929/MMS/71','4.140401.011','Lemonilo Mie Rendang 20x77 gr','NO Barcode','',11,0.0000000000,1000.0000000000,0.0000000000,1000.0000000000,1000.0000000000,'CV IRIAN BAHAGIA BERSAMA','','Kota Medan','Sumatera Utara','Kota Medan','','','Kota Medan','61UNUCZH4QJ8Z5R','Packed','uunuobrcia-zzwfsf8u7g-sample_Order_File_mamasuka_v3 - 100 data.xlsx','OK',NULL,'Order','Order','Frontliner Abc'),(73,'2023-11-01 00:08:34',17,NULL,NULL,73,'Mamasuka','DIST_DKI',1,1,1,'1/73','INV/20230929/MMS/72','4.140401.027','Lemonilo Mie Goreng 20x80 gr','NO Barcode','',41,0.0000000000,1000.0000000000,0.0000000000,1000.0000000000,1000.0000000000,'YOGYA SUKABUMI','','Kota Sukabumi','Jawa Barat','Kota Sukabumi','','','Kota Sukabumi','PHOGHV8HI3LF3QY','Packed','uunuobrcia-zzwfsf8u7g-sample_Order_File_mamasuka_v3 - 100 data.xlsx','OK',NULL,'Order','Order','Frontliner Abc'),(74,'2023-11-01 00:08:34',17,NULL,NULL,74,'Mamasuka','DIST_DKI',1,1,1,'1/74','INV/20230929/MMS/73','4.140401.028','Lemonilo Mie Bawang 20x70 gr','NO Barcode','',2,0.0000000000,1000.0000000000,0.0000000000,1000.0000000000,1000.0000000000,'YOGYA SUKABUMI','','Kota Sukabumi','Jawa Barat','Kota Sukabumi','','','Kota Sukabumi','WN2GBL6RQJWQGIY','Packed','uunuobrcia-zzwfsf8u7g-sample_Order_File_mamasuka_v3 - 100 data.xlsx','OK',NULL,'Order','Order','Frontliner Abc'),(75,'2023-11-01 00:08:34',17,NULL,NULL,75,'Mamasuka','DIST_DKI',1,1,1,'1/75','INV/20230929/MMS/74','4.140401.012','Lemonilo Mie Pedas Korea 20x85 gr','NO Barcode','',12,0.0000000000,1000.0000000000,0.0000000000,1000.0000000000,1000.0000000000,'YOGYA SUKABUMI','','Kota Sukabumi','Jawa Barat','Kota Sukabumi','','','Kota Sukabumi','CRQJCYM4BOIYUWM','Packed','uunuobrcia-zzwfsf8u7g-sample_Order_File_mamasuka_v3 - 100 data.xlsx','OK',NULL,'Order','Order','Frontliner Abc'),(76,'2023-11-01 00:08:34',17,NULL,NULL,76,'Mamasuka','DIST_DKI',1,1,1,'1/76','INV/20230929/MMS/75','4.140401.011','Lemonilo Mie Rendang 20x77 gr','NO Barcode','',2,0.0000000000,1000.0000000000,0.0000000000,1000.0000000000,1000.0000000000,'YOGYA SUKABUMI','','Kota Sukabumi','Jawa Barat','Kota Sukabumi','','','Kota Sukabumi','M1XI583Z46O3R78','Packed','uunuobrcia-zzwfsf8u7g-sample_Order_File_mamasuka_v3 - 100 data.xlsx','OK',NULL,'Order','Order','Frontliner Abc'),(77,'2023-11-01 00:08:34',17,NULL,NULL,77,'Mamasuka','DIST_DKI',1,1,1,'1/77','INV/20230929/MMS/76','Skunew002','Lemonilo Kuah Rasa Soto Koya 60GR','NO Barcode','',5,0.0000000000,1000.0000000000,0.0000000000,1000.0000000000,1000.0000000000,'YOGYA SUKABUMI','','Kota Sukabumi','Jawa Barat','Kota Sukabumi','','','Kota Sukabumi','S0EMD6YSZP02AYF','Packed','uunuobrcia-zzwfsf8u7g-sample_Order_File_mamasuka_v3 - 100 data.xlsx','OK',NULL,'Order','Order','Frontliner Abc'),(78,'2023-11-01 00:08:34',17,NULL,NULL,78,'Mamasuka','DIST_DKI',1,1,1,'1/78','INV/20230929/MMS/77','konjagu001','Lemonilo Konjaqu Mi Instant 78Gr','NO Barcode','',2,0.0000000000,1000.0000000000,0.0000000000,1000.0000000000,1000.0000000000,'YOGYA SUKABUMI','','Kota Sukabumi','Jawa Barat','Kota Sukabumi','','','Kota Sukabumi','I8Y1ML6YJJ6HMGM','Packed','uunuobrcia-zzwfsf8u7g-sample_Order_File_mamasuka_v3 - 100 data.xlsx','OK',NULL,'Order','Order','Frontliner Abc'),(79,'2023-11-01 00:08:34',17,NULL,NULL,79,'Mamasuka','DIST_DKI',1,1,1,'1/79','INV/20230929/MMS/78','Skunew003','Lemonilo Ramen Jepang','NO Barcode','',4,0.0000000000,1000.0000000000,0.0000000000,1000.0000000000,1000.0000000000,'YOGYA SUKABUMI','','Kota Sukabumi','Jawa Barat','Kota Sukabumi','','','Kota Sukabumi','LDPUZ13JJ0DT0WY','Packed','uunuobrcia-zzwfsf8u7g-sample_Order_File_mamasuka_v3 - 100 data.xlsx','OK',NULL,'Order','Order','Frontliner Abc'),(80,'2023-11-01 00:08:34',17,NULL,NULL,80,'Mamasuka','DIST_DKI',1,1,1,'1/80','INV/20230929/MMS/79','8997232970046','Lemonilo Brownies Crispy Chocochips 40 GR','NO Barcode','',25,0.0000000000,1000.0000000000,0.0000000000,1000.0000000000,1000.0000000000,'YOGYA SUKABUMI','','Kota Sukabumi','Jawa Barat','Kota Sukabumi','','','Kota Sukabumi','QP6YNGYWLN757FW','Packed','uunuobrcia-zzwfsf8u7g-sample_Order_File_mamasuka_v3 - 100 data.xlsx','OK',NULL,'Order','Order','Frontliner Abc'),(81,'2023-11-01 00:08:34',17,NULL,NULL,81,'Mamasuka','DIST_DKI',1,1,1,'1/81','INV/20230929/MMS/80','8997232970053','Lemonilo Brownies Crispy Keju 40 GR','NO Barcode','',21,0.0000000000,1000.0000000000,0.0000000000,1000.0000000000,1000.0000000000,'YOGYA SUKABUMI','','Kota Sukabumi','Jawa Barat','Kota Sukabumi','','','Kota Sukabumi','7FWOGGG8GERVMP4','Packed','uunuobrcia-zzwfsf8u7g-sample_Order_File_mamasuka_v3 - 100 data.xlsx','OK',NULL,'Order','Order','Frontliner Abc'),(82,'2023-11-01 00:08:34',17,NULL,NULL,82,'Mamasuka','DIST_DKI',1,1,1,'1/82','INV/20230929/MMS/81','4.140402.016','Lemonilo Chimi Jagung Bakar 24x50Gr','NO Barcode','',17,0.0000000000,1000.0000000000,0.0000000000,1000.0000000000,1000.0000000000,'YOGYA SUKABUMI','','Kota Sukabumi','Jawa Barat','Kota Sukabumi','','','Kota Sukabumi','08TKTLELLVB45DB','Packed','uunuobrcia-zzwfsf8u7g-sample_Order_File_mamasuka_v3 - 100 data.xlsx','OK',NULL,'Order','Order','Frontliner Abc'),(83,'2023-11-01 00:08:34',17,NULL,NULL,83,'Mamasuka','DIST_DKI',1,1,1,'1/83','INV/20230929/MMS/82','4.140402.017','Lemonilo Chimi Jagung Balado 24x50G','NO Barcode','',5,0.0000000000,1000.0000000000,0.0000000000,1000.0000000000,1000.0000000000,'YOGYA SUKABUMI','','Kota Sukabumi','Jawa Barat','Kota Sukabumi','','','Kota Sukabumi','ZF1058FPPDG5LI4','Packed','uunuobrcia-zzwfsf8u7g-sample_Order_File_mamasuka_v3 - 100 data.xlsx','OK',NULL,'Order','Order','Frontliner Abc'),(84,'2023-11-01 00:08:34',17,NULL,NULL,84,'Mamasuka','DIST_DKI',1,1,1,'1/84','INV/20230929/MMS/83','8997232970046','Lemonilo Brownies Crispy Chocochips 40 GR','NO Barcode','',23,0.0000000000,1000.0000000000,0.0000000000,1000.0000000000,1000.0000000000,'BRASTAGI GATSU','','Jl. Panci No.51c, Sei Putih Tengah, Kec. Medan Petisah, Kota Medan, Sumatera Utara 20113, Indonesia','Sumatera Utara','Kota Medan','Medan Petisah','Sei Putih Tengah','Jl. Panci No.51c, Sei Putih Tengah, Kec. Medan Petisah, Kota Medan, Sumatera Utara 20113, Indonesia','HXMZQOWEDBAIWWF','Packed','uunuobrcia-zzwfsf8u7g-sample_Order_File_mamasuka_v3 - 100 data.xlsx','OK',NULL,'Order','Order','Frontliner Abc'),(85,'2023-11-01 00:08:34',17,NULL,NULL,85,'Mamasuka','DIST_DKI',1,1,1,'1/85','INV/20230929/MMS/84','4.140402.016','Lemonilo Chimi Jagung Bakar 24x50Gr','NO Barcode','',6,0.0000000000,1000.0000000000,0.0000000000,1000.0000000000,1000.0000000000,'BRASTAGI GATSU','','Jl. Panci No.51c, Sei Putih Tengah, Kec. Medan Petisah, Kota Medan, Sumatera Utara 20113, Indonesia','Sumatera Utara','Kota Medan','Medan Petisah','Sei Putih Tengah','Jl. Panci No.51c, Sei Putih Tengah, Kec. Medan Petisah, Kota Medan, Sumatera Utara 20113, Indonesia','SRJZQ8LWI435W0C','Packed','uunuobrcia-zzwfsf8u7g-sample_Order_File_mamasuka_v3 - 100 data.xlsx','OK',NULL,'Order','Order','Frontliner Abc'),(86,'2023-11-01 00:08:34',17,NULL,NULL,86,'Mamasuka','DIST_DKI',1,1,1,'1/86','INV/20230929/MMS/85','4.140402.017','Lemonilo Chimi Jagung Balado 24x50G','NO Barcode','',4,0.0000000000,1000.0000000000,0.0000000000,1000.0000000000,1000.0000000000,'BRASTAGI GATSU','','Jl. Panci No.51c, Sei Putih Tengah, Kec. Medan Petisah, Kota Medan, Sumatera Utara 20113, Indonesia','Sumatera Utara','Kota Medan','Medan Petisah','Sei Putih Tengah','Jl. Panci No.51c, Sei Putih Tengah, Kec. Medan Petisah, Kota Medan, Sumatera Utara 20113, Indonesia','DQHFD0O609TJXEH','Packed','uunuobrcia-zzwfsf8u7g-sample_Order_File_mamasuka_v3 - 100 data.xlsx','OK',NULL,'Order','Order','Frontliner Abc'),(87,'2023-11-01 00:08:34',17,NULL,NULL,87,'Mamasuka','DIST_DKI',1,1,1,'1/87','INV/20230929/MMS/86','Skunew002','Lemonilo Kuah Rasa Soto Koya 60GR','NO Barcode','',29,0.0000000000,1000.0000000000,0.0000000000,1000.0000000000,1000.0000000000,'BRASTAGI GATSU','','Jl. Panci No.51c, Sei Putih Tengah, Kec. Medan Petisah, Kota Medan, Sumatera Utara 20113, Indonesia','Sumatera Utara','Kota Medan','Medan Petisah','Sei Putih Tengah','Jl. Panci No.51c, Sei Putih Tengah, Kec. Medan Petisah, Kota Medan, Sumatera Utara 20113, Indonesia','45SB0U0SXMZJYLI','Packed','uunuobrcia-zzwfsf8u7g-sample_Order_File_mamasuka_v3 - 100 data.xlsx','OK',NULL,'Order','Order','Frontliner Abc'),(88,'2023-11-01 00:08:34',17,NULL,NULL,88,'Mamasuka','DIST_DKI',1,1,1,'1/88','INV/20230929/MMS/87','4.140401.028','Lemonilo Mie Bawang 20x70 gr','NO Barcode','',24,0.0000000000,1000.0000000000,0.0000000000,1000.0000000000,1000.0000000000,'BRASTAGI GATSU','','Jl. Panci No.51c, Sei Putih Tengah, Kec. Medan Petisah, Kota Medan, Sumatera Utara 20113, Indonesia','Sumatera Utara','Kota Medan','Medan Petisah','Sei Putih Tengah','Jl. Panci No.51c, Sei Putih Tengah, Kec. Medan Petisah, Kota Medan, Sumatera Utara 20113, Indonesia','E8HHCCBDVKX1UOX','Packed','uunuobrcia-zzwfsf8u7g-sample_Order_File_mamasuka_v3 - 100 data.xlsx','OK',NULL,'Order','Order','Frontliner Abc'),(89,'2023-11-01 00:08:34',17,NULL,NULL,89,'Mamasuka','DIST_DKI',1,1,1,'1/89','INV/20230929/MMS/88','4.140401.027','Lemonilo Mie Goreng 20x80 gr','NO Barcode','',84,0.0000000000,1000.0000000000,0.0000000000,1000.0000000000,1000.0000000000,'BRASTAGI GATSU','','Jl. Panci No.51c, Sei Putih Tengah, Kec. Medan Petisah, Kota Medan, Sumatera Utara 20113, Indonesia','Sumatera Utara','Kota Medan','Medan Petisah','Sei Putih Tengah','Jl. Panci No.51c, Sei Putih Tengah, Kec. Medan Petisah, Kota Medan, Sumatera Utara 20113, Indonesia','ZCND9XHHECUMPFK','Packed','uunuobrcia-zzwfsf8u7g-sample_Order_File_mamasuka_v3 - 100 data.xlsx','OK',NULL,'Order','Order','Frontliner Abc'),(90,'2023-11-01 00:08:34',17,NULL,NULL,90,'Mamasuka','DIST_DKI',1,1,1,'1/90','INV/20230929/MMS/89','4.140401.012','Lemonilo Mie Pedas Korea 20x85 gr','NO Barcode','',34,0.0000000000,1000.0000000000,0.0000000000,1000.0000000000,1000.0000000000,'BRASTAGI GATSU','','Jl. Panci No.51c, Sei Putih Tengah, Kec. Medan Petisah, Kota Medan, Sumatera Utara 20113, Indonesia','Sumatera Utara','Kota Medan','Medan Petisah','Sei Putih Tengah','Jl. Panci No.51c, Sei Putih Tengah, Kec. Medan Petisah, Kota Medan, Sumatera Utara 20113, Indonesia','VO0VFBNDZIPXL4F','Packed','uunuobrcia-zzwfsf8u7g-sample_Order_File_mamasuka_v3 - 100 data.xlsx','OK',NULL,'Order','Order','Frontliner Abc'),(91,'2023-11-01 00:08:34',17,NULL,NULL,91,'Mamasuka','DIST_DKI',1,1,1,'1/91','INV/20230929/MMS/90','4.140401.011','Lemonilo Mie Rendang 20x77 gr','NO Barcode','',22,0.0000000000,1000.0000000000,0.0000000000,1000.0000000000,1000.0000000000,'BRASTAGI GATSU','','Jl. Panci No.51c, Sei Putih Tengah, Kec. Medan Petisah, Kota Medan, Sumatera Utara 20113, Indonesia','Sumatera Utara','Kota Medan','Medan Petisah','Sei Putih Tengah','Jl. Panci No.51c, Sei Putih Tengah, Kec. Medan Petisah, Kota Medan, Sumatera Utara 20113, Indonesia','AOLZJPPLOTGQGIE','Packed','uunuobrcia-zzwfsf8u7g-sample_Order_File_mamasuka_v3 - 100 data.xlsx','OK',NULL,'Order','Order','Frontliner Abc'),(92,'2023-11-01 00:08:34',17,NULL,NULL,92,'Mamasuka','DIST_DKI',1,1,1,'1/92','INV/20230929/MMS/91','4.140401.027','Lemonilo Mie Goreng 20x80 gr','NO Barcode','',35,0.0000000000,1000.0000000000,0.0000000000,1000.0000000000,1000.0000000000,'INDOGROSIR SUKABUMI','','2WXG+8V8, Jayamekar, Kec. Baros, Kota Sukabumi, Jawa Barat 43161, Indonesia','Jawa Barat','Kota Sukabumi','Baros','Baros','2WXG+8V8, Jayamekar, Kec. Baros, Kota Sukabumi, Jawa Barat 43161, Indonesia','78DD42Z9MDG20KE','Packed','uunuobrcia-zzwfsf8u7g-sample_Order_File_mamasuka_v3 - 100 data.xlsx','OK',NULL,'Order','Order','Frontliner Abc'),(93,'2023-11-01 00:08:34',17,NULL,NULL,93,'Mamasuka','DIST_DKI',1,1,1,'1/93','INV/20230929/MMS/92','4.140401.029','Lemonilo Mie Kari Ayam 20x73 gr','NO Barcode','',3,0.0000000000,1000.0000000000,0.0000000000,1000.0000000000,1000.0000000000,'INDOGROSIR SUKABUMI','','2WXG+8V8, Jayamekar, Kec. Baros, Kota Sukabumi, Jawa Barat 43161, Indonesia','Jawa Barat','Kota Sukabumi','Baros','Baros','2WXG+8V8, Jayamekar, Kec. Baros, Kota Sukabumi, Jawa Barat 43161, Indonesia','N7IT3TL1T985FEQ','Packed','uunuobrcia-zzwfsf8u7g-sample_Order_File_mamasuka_v3 - 100 data.xlsx','OK',NULL,'Order','Order','Frontliner Abc'),(94,'2023-11-01 00:08:34',17,NULL,NULL,94,'Mamasuka','DIST_DKI',1,1,1,'1/94','INV/20230929/MMS/93','4.140401.028','Lemonilo Mie Bawang 20x70 gr','NO Barcode','',5,0.0000000000,1000.0000000000,0.0000000000,1000.0000000000,1000.0000000000,'INDOGROSIR SUKABUMI','','2WXG+8V8, Jayamekar, Kec. Baros, Kota Sukabumi, Jawa Barat 43161, Indonesia','Jawa Barat','Kota Sukabumi','Baros','Baros','2WXG+8V8, Jayamekar, Kec. Baros, Kota Sukabumi, Jawa Barat 43161, Indonesia','2OH8B4XQH74IF6M','Packed','uunuobrcia-zzwfsf8u7g-sample_Order_File_mamasuka_v3 - 100 data.xlsx','OK',NULL,'Order','Order','Frontliner Abc'),(95,'2023-11-01 00:08:34',17,NULL,NULL,95,'Mamasuka','DIST_DKI',1,1,1,'1/95','INV/20230929/MMS/94','4.140401.012','Lemonilo Mie Pedas Korea 20x85 gr','NO Barcode','',13,0.0000000000,1000.0000000000,0.0000000000,1000.0000000000,1000.0000000000,'INDOGROSIR SUKABUMI','','2WXG+8V8, Jayamekar, Kec. Baros, Kota Sukabumi, Jawa Barat 43161, Indonesia','Jawa Barat','Kota Sukabumi','Baros','Baros','2WXG+8V8, Jayamekar, Kec. Baros, Kota Sukabumi, Jawa Barat 43161, Indonesia','RNH9X72CUGOQURJ','Packed','uunuobrcia-zzwfsf8u7g-sample_Order_File_mamasuka_v3 - 100 data.xlsx','OK',NULL,'Order','Order','Frontliner Abc'),(96,'2023-11-01 00:08:34',17,NULL,NULL,96,'Mamasuka','DIST_DKI',1,1,1,'1/96','INV/20230929/MMS/95','4.140402.016','Lemonilo Chimi Jagung Bakar 24x50Gr','NO Barcode','',15,0.0000000000,1000.0000000000,0.0000000000,1000.0000000000,1000.0000000000,'INDOGROSIR SUKABUMI','','2WXG+8V8, Jayamekar, Kec. Baros, Kota Sukabumi, Jawa Barat 43161, Indonesia','Jawa Barat','Kota Sukabumi','Baros','Baros','2WXG+8V8, Jayamekar, Kec. Baros, Kota Sukabumi, Jawa Barat 43161, Indonesia','02HU1GBCBF5E8EJ','Packed','uunuobrcia-zzwfsf8u7g-sample_Order_File_mamasuka_v3 - 100 data.xlsx','OK',NULL,'Order','Order','Frontliner Abc'),(97,'2023-11-01 00:08:34',17,NULL,NULL,97,'Mamasuka','DIST_DKI',1,1,1,'1/97','INV/20230929/MMS/96','4.140402.017','Lemonilo Chimi Jagung Balado 24x50G','NO Barcode','',4,0.0000000000,1000.0000000000,0.0000000000,1000.0000000000,1000.0000000000,'INDOGROSIR SUKABUMI','','2WXG+8V8, Jayamekar, Kec. Baros, Kota Sukabumi, Jawa Barat 43161, Indonesia','Jawa Barat','Kota Sukabumi','Baros','Baros','2WXG+8V8, Jayamekar, Kec. Baros, Kota Sukabumi, Jawa Barat 43161, Indonesia','X2Z1KRQX1Q3AXJU','Packed','uunuobrcia-zzwfsf8u7g-sample_Order_File_mamasuka_v3 - 100 data.xlsx','OK',NULL,'Order','Order','Frontliner Abc'),(98,'2023-11-01 00:08:34',17,NULL,NULL,98,'Mamasuka','DIST_DKI',1,1,1,'1/98','INV/20230929/MMS/97','4.140402.016','Lemonilo Chimi Jagung Bakar 24x50Gr','NO Barcode','',8,0.0000000000,1000.0000000000,0.0000000000,1000.0000000000,1000.0000000000,'INDOGROSIR','','Jl. Sisingamangaraja No.29b, Harjosari I, Kec. Medan Amplas, Kota Medan, Sumatera Utara 20148, Indonesia','Sumatera Utara','Kota Medan','Medan Amplas','Harjosari I','Jl. Sisingamangaraja No.29b, Harjosari I, Kec. Medan Amplas, Kota Medan, Sumatera Utara 20148, Indonesia','VZMK3PQ5KRBNACS','Packed','uunuobrcia-zzwfsf8u7g-sample_Order_File_mamasuka_v3 - 100 data.xlsx','OK',NULL,'Order','Order','Frontliner Abc'),(99,'2023-11-01 00:08:34',17,NULL,NULL,99,'Mamasuka','DIST_DKI',1,1,1,'1/99','INV/20230929/MMS/98','4.140402.017','Lemonilo Chimi Jagung Balado 24x50G','NO Barcode','',10,0.0000000000,1000.0000000000,0.0000000000,1000.0000000000,1000.0000000000,'INDOGROSIR','','Jl. Sisingamangaraja No.29b, Harjosari I, Kec. Medan Amplas, Kota Medan, Sumatera Utara 20148, Indonesia','Sumatera Utara','Kota Medan','Medan Amplas','Harjosari I','Jl. Sisingamangaraja No.29b, Harjosari I, Kec. Medan Amplas, Kota Medan, Sumatera Utara 20148, Indonesia','601NVENMC9NUPXP','Packed','uunuobrcia-zzwfsf8u7g-sample_Order_File_mamasuka_v3 - 100 data.xlsx','OK',NULL,'Order','Order','Frontliner Abc'),(100,'2023-11-01 00:08:35',17,NULL,NULL,9,'Mamasuka','DIST_DKI',1,1,1,'1/9','INV/20230929/MMS/08','1','1','1','1',1,NULL,NULL,NULL,NULL,NULL,'YOGYA SUKABUMI','','Kota Sukabumi','Jawa Barat','Kota Sukabumi','','','Kota Sukabumi','MTDWWTR49UFPOQC','Packed','uunuobrcia-zzwfsf8u7g-sample_Order_File_mamasuka_v3 - 100 data.xlsx','OK',NULL,'Order','Order','Frontliner Abc'),(101,'2023-11-01 00:08:35',17,NULL,NULL,22,'Mamasuka','DIST_DKI',1,1,1,'1/22','INV/20230929/MMS/21','1','1','1','1',1,NULL,NULL,NULL,NULL,NULL,'BRASTAGI TIARA','','Jl. Imam Bonjol No.25, Hamdan, Kec. Medan Maimun, Kota Medan, Sumatera Utara 20212, Indonesia','Sumatera Utara','Kota Medan','Medan Polonia','Madras Hulu','Jl. Imam Bonjol No.25, Hamdan, Kec. Medan Maimun, Kota Medan, Sumatera Utara 20212, Indonesia','S4LPVCR01PEBJUB','Packed','uunuobrcia-zzwfsf8u7g-sample_Order_File_mamasuka_v3 - 100 data.xlsx','OK',NULL,'Order','Order','Frontliner Abc'),(102,'2023-11-01 00:08:35',17,NULL,NULL,35,'Mamasuka','DIST_DKI',1,1,1,'1/35','INV/20230929/MMS/34','1','1','1','1',1,NULL,NULL,NULL,NULL,NULL,'CV IRIAN BAHAGIA BERSAMA','','Kota Medan','Sumatera Utara','Kota Medan','','','Kota Medan','NAJQKSM5SKDO8A4','Packed','uunuobrcia-zzwfsf8u7g-sample_Order_File_mamasuka_v3 - 100 data.xlsx','OK',NULL,'Order','Order','Frontliner Abc'),(103,'2023-11-01 00:08:35',17,NULL,NULL,43,'Mamasuka','DIST_DKI',1,1,1,'1/43','INV/20230929/MMS/42','1','1','1','1',1,NULL,NULL,NULL,NULL,NULL,'BRASTAGI GATSU','','Jl. Panci No.51c, Sei Putih Tengah, Kec. Medan Petisah, Kota Medan, Sumatera Utara 20113, Indonesia','Sumatera Utara','Kota Medan','Medan Petisah','Sei Putih Tengah','Jl. Panci No.51c, Sei Putih Tengah, Kec. Medan Petisah, Kota Medan, Sumatera Utara 20113, Indonesia','HF8J6HEMA0RKYDD','Packed','uunuobrcia-zzwfsf8u7g-sample_Order_File_mamasuka_v3 - 100 data.xlsx','OK',NULL,'Order','Order','Frontliner Abc'),(104,'2023-11-01 00:08:35',17,NULL,NULL,52,'Mamasuka','DIST_DKI',1,1,1,'1/52','INV/20230929/MMS/51','1','1','1','1',1,NULL,NULL,NULL,NULL,NULL,'YOGYA SUKABUMI','','Kota Sukabumi','Jawa Barat','Kota Sukabumi','','','Kota Sukabumi','A3NCZF90D585R2V','Packed','uunuobrcia-zzwfsf8u7g-sample_Order_File_mamasuka_v3 - 100 data.xlsx','OK',NULL,'Order','Order','Frontliner Abc'),(105,'2023-11-01 00:08:35',17,NULL,NULL,66,'Mamasuka','DIST_DKI',1,1,1,'1/66','INV/20230929/MMS/65','1','1','1','1',1,NULL,NULL,NULL,NULL,NULL,'BRASTAGI TIARA','','Jl. Imam Bonjol No.25, Hamdan, Kec. Medan Maimun, Kota Medan, Sumatera Utara 20212, Indonesia','Sumatera Utara','Kota Medan','Medan Polonia','Madras Hulu','Jl. Imam Bonjol No.25, Hamdan, Kec. Medan Maimun, Kota Medan, Sumatera Utara 20212, Indonesia','67K4SDJJYE2NKN7','Packed','uunuobrcia-zzwfsf8u7g-sample_Order_File_mamasuka_v3 - 100 data.xlsx','OK',NULL,'Order','Order','Frontliner Abc'),(106,'2023-11-01 00:08:35',17,NULL,NULL,72,'Mamasuka','DIST_DKI',1,1,1,'1/72','INV/20230929/MMS/71','1','1','1','1',1,NULL,NULL,NULL,NULL,NULL,'CV IRIAN BAHAGIA BERSAMA','','Kota Medan','Sumatera Utara','Kota Medan','','','Kota Medan','61UNUCZH4QJ8Z5R','Packed','uunuobrcia-zzwfsf8u7g-sample_Order_File_mamasuka_v3 - 100 data.xlsx','OK',NULL,'Order','Order','Frontliner Abc'),(107,'2023-11-01 00:08:35',17,NULL,NULL,76,'Mamasuka','DIST_DKI',1,1,1,'1/76','INV/20230929/MMS/75','1','1','1','1',1,NULL,NULL,NULL,NULL,NULL,'YOGYA SUKABUMI','','Kota Sukabumi','Jawa Barat','Kota Sukabumi','','','Kota Sukabumi','M1XI583Z46O3R78','Packed','uunuobrcia-zzwfsf8u7g-sample_Order_File_mamasuka_v3 - 100 data.xlsx','OK',NULL,'Order','Order','Frontliner Abc'),(108,'2023-11-01 00:08:36',17,NULL,NULL,91,'Mamasuka','DIST_DKI',1,1,1,'1/91','INV/20230929/MMS/90','1','1','1','1',1,NULL,NULL,NULL,NULL,NULL,'BRASTAGI GATSU','','Jl. Panci No.51c, Sei Putih Tengah, Kec. Medan Petisah, Kota Medan, Sumatera Utara 20113, Indonesia','Sumatera Utara','Kota Medan','Medan Petisah','Sei Putih Tengah','Jl. Panci No.51c, Sei Putih Tengah, Kec. Medan Petisah, Kota Medan, Sumatera Utara 20113, Indonesia','AOLZJPPLOTGQGIE','Packed','uunuobrcia-zzwfsf8u7g-sample_Order_File_mamasuka_v3 - 100 data.xlsx','OK',NULL,'Order','Order','Frontliner Abc');
/*!40000 ALTER TABLE `tb_order` ENABLE KEYS */;
UNLOCK TABLES;

--
-- Table structure for table `tb_order_pack`
--

DROP TABLE IF EXISTS `tb_order_pack`;
/*!40101 SET @saved_cs_client     = @@character_set_client */;
/*!40101 SET character_set_client = utf8 */;
CREATE TABLE `tb_order_pack` (
  `tbop_id` int(11) NOT NULL AUTO_INCREMENT,
  `tbop_create_date` datetime DEFAULT NULL,
  `tbop_create_id` int(11) DEFAULT NULL,
  `tbop_update_date` datetime DEFAULT NULL,
  `tbop_update_id` int(11) DEFAULT NULL,
  `tbop_qc_id` int(11) DEFAULT NULL,
  `tbop_awb` varchar(255) DEFAULT NULL,
  `tbop_brand` varchar(255) DEFAULT NULL,
  `tbop_market_id` varchar(255) DEFAULT NULL,
  `tbop_order_no` varchar(255) DEFAULT NULL,
  `tbop_name` varchar(255) DEFAULT NULL,
  `tbop_notes` varchar(255) DEFAULT NULL,
  `tbop_status` varchar(255) DEFAULT NULL,
  `tbop_type` varchar(255) DEFAULT NULL,
  `tbop_frontliner` varchar(255) DEFAULT NULL,
  PRIMARY KEY (`tbop_id`),
  KEY `tb_order_pack_tbop_qc_id_index` (`tbop_qc_id`),
  KEY `tb_order_pack_tbop_awb_index` (`tbop_awb`),
  KEY `tb_order_pack_tbop_brand_index` (`tbop_brand`),
  KEY `tb_order_pack_tbop_market_index` (`tbop_market_id`),
  KEY `tb_order_pack_tbop_order_no_index` (`tbop_order_no`),
  KEY `tb_order_pack_tbop_status_index` (`tbop_status`),
  KEY `tb_order_pack_tbop_type_index` (`tbop_type`)
) ENGINE=InnoDB AUTO_INCREMENT=100 DEFAULT CHARSET=utf8mb4 COLLATE=utf8mb4_general_ci;
/*!40101 SET character_set_client = @saved_cs_client */;

--
-- Dumping data for table `tb_order_pack`
--

LOCK TABLES `tb_order_pack` WRITE;
/*!40000 ALTER TABLE `tb_order_pack` DISABLE KEYS */;
INSERT INTO `tb_order_pack` VALUES (1,'2023-11-01 00:08:35',17,NULL,NULL,1,'9S2H41691P7IGAQ','Mamasuka','DIST_DKI','INV/20230929/MMS/00','INDOGROSIR',NULL,'Packed','Order','Frontliner Abc'),(2,'2023-11-01 00:08:35',17,NULL,NULL,1,'01218ZOH4MFACKT','Mamasuka','DIST_DKI','INV/20230929/MMS/01','INDOGROSIR',NULL,'Packed','Order','Frontliner Abc'),(3,'2023-11-01 00:08:35',17,NULL,NULL,1,'UN7PDPPU64PSK2T','Mamasuka','DIST_DKI','INV/20230929/MMS/02','INDOGROSIR',NULL,'Packed','Order','Frontliner Abc'),(4,'2023-11-01 00:08:35',17,NULL,NULL,1,'CRSGYDMK80FN695','Mamasuka','DIST_DKI','INV/20230929/MMS/03','INDOGROSIR',NULL,'Packed','Order','Frontliner Abc'),(5,'2023-11-01 00:08:35',17,NULL,NULL,1,'1RY72TQ5G5TVK5T','Mamasuka','DIST_DKI','INV/20230929/MMS/04','INDOGROSIR',NULL,'Packed','Order','Frontliner Abc'),(6,'2023-11-01 00:08:35',17,NULL,NULL,1,'12ZXINF0DOL7RC8','Mamasuka','DIST_DKI','INV/20230929/MMS/05','YOGYA SUKABUMI',NULL,'Packed','Order','Frontliner Abc'),(7,'2023-11-01 00:08:35',17,NULL,NULL,1,'VUH0G7ZGV1N4E40','Mamasuka','DIST_DKI','INV/20230929/MMS/06','YOGYA SUKABUMI',NULL,'Packed','Order','Frontliner Abc'),(8,'2023-11-01 00:08:35',17,NULL,NULL,1,'9NNXVDDKQ4AFPS9','Mamasuka','DIST_DKI','INV/20230929/MMS/07','YOGYA SUKABUMI',NULL,'Packed','Order','Frontliner Abc'),(9,'2023-11-01 00:08:35',17,NULL,NULL,1,'MTDWWTR49UFPOQC','Mamasuka','DIST_DKI','INV/20230929/MMS/08','YOGYA SUKABUMI',NULL,'Packed','Order','Frontliner Abc'),(10,'2023-11-01 00:08:35',17,NULL,NULL,1,'Q6XBNDQ3LNYBNS4','Mamasuka','DIST_DKI','INV/20230929/MMS/09','YOGYA SUKABUMI',NULL,'Packed','Order','Frontliner Abc'),(11,'2023-11-01 00:08:35',17,NULL,NULL,1,'D072OZHHT96QA2E','Mamasuka','DIST_DKI','INV/20230929/MMS/10','YOGYA SUKABUMI',NULL,'Packed','Order','Frontliner Abc'),(12,'2023-11-01 00:08:35',17,NULL,NULL,1,'J0JI20RI6XP53EH','Mamasuka','DIST_DKI','INV/20230929/MMS/11','YOGYA SUKABUMI',NULL,'Packed','Order','Frontliner Abc'),(13,'2023-11-01 00:08:35',17,NULL,NULL,1,'UARXCPZD78KMPCL','Mamasuka','DIST_DKI','INV/20230929/MMS/12','YOGYA SUKABUMI',NULL,'Packed','Order','Frontliner Abc'),(14,'2023-11-01 00:08:35',17,NULL,NULL,1,'EIHZ2C6I86WSWKM','Mamasuka','DIST_DKI','INV/20230929/MMS/13','YOGYA SUKABUMI',NULL,'Packed','Order','Frontliner Abc'),(15,'2023-11-01 00:08:35',17,NULL,NULL,1,'SGNQ57YAA1XU9I1','Mamasuka','DIST_DKI','INV/20230929/MMS/14','BRASTAGI TIARA',NULL,'Packed','Order','Frontliner Abc'),(16,'2023-11-01 00:08:35',17,NULL,NULL,1,'XEABC533PHSS09F','Mamasuka','DIST_DKI','INV/20230929/MMS/15','BRASTAGI TIARA',NULL,'Packed','Order','Frontliner Abc'),(17,'2023-11-01 00:08:35',17,NULL,NULL,1,'5R1DJMKAWPM1RUR','Mamasuka','DIST_DKI','INV/20230929/MMS/16','BRASTAGI TIARA',NULL,'Packed','Order','Frontliner Abc'),(18,'2023-11-01 00:08:35',17,NULL,NULL,1,'1N6P01B704VX8FL','Mamasuka','DIST_DKI','INV/20230929/MMS/17','BRASTAGI TIARA',NULL,'Packed','Order','Frontliner Abc'),(19,'2023-11-01 00:08:35',17,NULL,NULL,1,'ZO9T3IP3WNIQYB3','Mamasuka','DIST_DKI','INV/20230929/MMS/18','BRASTAGI TIARA',NULL,'Packed','Order','Frontliner Abc'),(20,'2023-11-01 00:08:35',17,NULL,NULL,1,'RNI2QHOZPTQ1FA1','Mamasuka','DIST_DKI','INV/20230929/MMS/19','BRASTAGI TIARA',NULL,'Packed','Order','Frontliner Abc'),(21,'2023-11-01 00:08:35',17,NULL,NULL,1,'HU6UWZU92R7VA5Y','Mamasuka','DIST_DKI','INV/20230929/MMS/20','BRASTAGI TIARA',NULL,'Packed','Order','Frontliner Abc'),(22,'2023-11-01 00:08:35',17,NULL,NULL,1,'S4LPVCR01PEBJUB','Mamasuka','DIST_DKI','INV/20230929/MMS/21','BRASTAGI TIARA',NULL,'Packed','Order','Frontliner Abc'),(23,'2023-11-01 00:08:35',17,NULL,NULL,1,'D414ALN4P73I7X7','Mamasuka','DIST_DKI','INV/20230929/MMS/22','BRASTAGI TIARA',NULL,'Packed','Order','Frontliner Abc'),(24,'2023-11-01 00:08:35',17,NULL,NULL,1,'R727408MXNARJY5','Mamasuka','DIST_DKI','INV/20230929/MMS/23','INDOGROSIR SUKABUMI',NULL,'Packed','Order','Frontliner Abc'),(25,'2023-11-01 00:08:35',17,NULL,NULL,1,'ZCTSYFZZUQ2GY3L','Mamasuka','DIST_DKI','INV/20230929/MMS/24','INDOGROSIR SUKABUMI',NULL,'Packed','Order','Frontliner Abc'),(26,'2023-11-01 00:08:35',17,NULL,NULL,1,'LQB0HDN8MZ60D5V','Mamasuka','DIST_DKI','INV/20230929/MMS/25','INDOGROSIR SUKABUMI',NULL,'Packed','Order','Frontliner Abc'),(27,'2023-11-01 00:08:35',17,NULL,NULL,1,'ZVHVEGN8A558GV9','Mamasuka','DIST_DKI','INV/20230929/MMS/26','INDOGROSIR SUKABUMI',NULL,'Packed','Order','Frontliner Abc'),(28,'2023-11-01 00:08:35',17,NULL,NULL,1,'TBERW97OJEZ5GVY','Mamasuka','DIST_DKI','INV/20230929/MMS/27','INDOGROSIR SUKABUMI',NULL,'Packed','Order','Frontliner Abc'),(29,'2023-11-01 00:08:35',17,NULL,NULL,1,'MDWTFMHBXO76EMM','Mamasuka','DIST_DKI','INV/20230929/MMS/28','INDOGROSIR SUKABUMI',NULL,'Packed','Order','Frontliner Abc'),(30,'2023-11-01 00:08:35',17,NULL,NULL,1,'R0IRMBOM23DCX9M','Mamasuka','DIST_DKI','INV/20230929/MMS/29','CV IRIAN BAHAGIA BERSAMA',NULL,'Packed','Order','Frontliner Abc'),(31,'2023-11-01 00:08:35',17,NULL,NULL,1,'EBCFB7U00136I9R','Mamasuka','DIST_DKI','INV/20230929/MMS/30','CV IRIAN BAHAGIA BERSAMA',NULL,'Packed','Order','Frontliner Abc'),(32,'2023-11-01 00:08:35',17,NULL,NULL,1,'4HYJX7Y85U0O47J','Mamasuka','DIST_DKI','INV/20230929/MMS/31','CV IRIAN BAHAGIA BERSAMA',NULL,'Packed','Order','Frontliner Abc'),(33,'2023-11-01 00:08:35',17,NULL,NULL,1,'1HOXMXLD1GCR6KL','Mamasuka','DIST_DKI','INV/20230929/MMS/32','CV IRIAN BAHAGIA BERSAMA',NULL,'Packed','Order','Frontliner Abc'),(34,'2023-11-01 00:08:35',17,NULL,NULL,1,'98YX88WUB064352','Mamasuka','DIST_DKI','INV/20230929/MMS/33','CV IRIAN BAHAGIA BERSAMA',NULL,'Packed','Order','Frontliner Abc'),(35,'2023-11-01 00:08:35',17,NULL,NULL,1,'NAJQKSM5SKDO8A4','Mamasuka','DIST_DKI','INV/20230929/MMS/34','CV IRIAN BAHAGIA BERSAMA',NULL,'Packed','Order','Frontliner Abc'),(36,'2023-11-01 00:08:35',17,NULL,NULL,1,'36XZ0XTWV0CXJLU','Mamasuka','DIST_DKI','INV/20230929/MMS/35','BRASTAGI GATSU',NULL,'Packed','Order','Frontliner Abc'),(37,'2023-11-01 00:08:35',17,NULL,NULL,1,'O2EZ4P6BQAJEYXA','Mamasuka','DIST_DKI','INV/20230929/MMS/36','BRASTAGI GATSU',NULL,'Packed','Order','Frontliner Abc'),(38,'2023-11-01 00:08:35',17,NULL,NULL,1,'GSWTK22V6GGT0K4','Mamasuka','DIST_DKI','INV/20230929/MMS/37','BRASTAGI GATSU',NULL,'Packed','Order','Frontliner Abc'),(39,'2023-11-01 00:08:35',17,NULL,NULL,1,'NX5N4JEGVCCO7JG','Mamasuka','DIST_DKI','INV/20230929/MMS/38','BRASTAGI GATSU',NULL,'Packed','Order','Frontliner Abc'),(40,'2023-11-01 00:08:35',17,NULL,NULL,1,'XJWKPD1VKQQG6CR','Mamasuka','DIST_DKI','INV/20230929/MMS/39','BRASTAGI GATSU',NULL,'Packed','Order','Frontliner Abc'),(41,'2023-11-01 00:08:35',17,NULL,NULL,1,'VHPSI8SK9R9R40P','Mamasuka','DIST_DKI','INV/20230929/MMS/40','BRASTAGI GATSU',NULL,'Packed','Order','Frontliner Abc'),(42,'2023-11-01 00:08:35',17,NULL,NULL,1,'9QQ1JC2YY67DL4T','Mamasuka','DIST_DKI','INV/20230929/MMS/41','BRASTAGI GATSU',NULL,'Packed','Order','Frontliner Abc'),(43,'2023-11-01 00:08:35',17,NULL,NULL,1,'HF8J6HEMA0RKYDD','Mamasuka','DIST_DKI','INV/20230929/MMS/42','BRASTAGI GATSU',NULL,'Packed','Order','Frontliner Abc'),(44,'2023-11-01 00:08:35',17,NULL,NULL,1,'ZAB9KVYGZ1AH4D0','Mamasuka','DIST_DKI','INV/20230929/MMS/43','INDOGROSIR',NULL,'Packed','Order','Frontliner Abc'),(45,'2023-11-01 00:08:35',17,NULL,NULL,1,'6RS4X4SHZ77YZYT','Mamasuka','DIST_DKI','INV/20230929/MMS/44','INDOGROSIR',NULL,'Packed','Order','Frontliner Abc'),(46,'2023-11-01 00:08:35',17,NULL,NULL,1,'YAS2MT71V79IUJX','Mamasuka','DIST_DKI','INV/20230929/MMS/45','INDOGROSIR',NULL,'Packed','Order','Frontliner Abc'),(47,'2023-11-01 00:08:35',17,NULL,NULL,1,'B7SX0DJU962T5LE','Mamasuka','DIST_DKI','INV/20230929/MMS/46','INDOGROSIR',NULL,'Packed','Order','Frontliner Abc'),(48,'2023-11-01 00:08:35',17,NULL,NULL,1,'5YA5KMI8WP6Y3ZR','Mamasuka','DIST_DKI','INV/20230929/MMS/47','INDOGROSIR',NULL,'Packed','Order','Frontliner Abc'),(49,'2023-11-01 00:08:35',17,NULL,NULL,1,'5LKLIRCZLH5ZTM9','Mamasuka','DIST_DKI','INV/20230929/MMS/48','YOGYA SUKABUMI',NULL,'Packed','Order','Frontliner Abc'),(50,'2023-11-01 00:08:35',17,NULL,NULL,1,'10Y8A12AMHLRUP1','Mamasuka','DIST_DKI','INV/20230929/MMS/49','YOGYA SUKABUMI',NULL,'Packed','Order','Frontliner Abc'),(51,'2023-11-01 00:08:35',17,NULL,NULL,1,'6A8QZC9VAUNQANV','Mamasuka','DIST_DKI','INV/20230929/MMS/50','YOGYA SUKABUMI',NULL,'Packed','Order','Frontliner Abc'),(52,'2023-11-01 00:08:35',17,NULL,NULL,1,'A3NCZF90D585R2V','Mamasuka','DIST_DKI','INV/20230929/MMS/51','YOGYA SUKABUMI',NULL,'Packed','Order','Frontliner Abc'),(53,'2023-11-01 00:08:35',17,NULL,NULL,1,'76KBK2FHOZNLDQJ','Mamasuka','DIST_DKI','INV/20230929/MMS/52','YOGYA SUKABUMI',NULL,'Packed','Order','Frontliner Abc'),(54,'2023-11-01 00:08:35',17,NULL,NULL,1,'FPODEUJQH82X8TD','Mamasuka','DIST_DKI','INV/20230929/MMS/53','YOGYA SUKABUMI',NULL,'Packed','Order','Frontliner Abc'),(55,'2023-11-01 00:08:35',17,NULL,NULL,1,'10T56KVNFYTJ2PM','Mamasuka','DIST_DKI','INV/20230929/MMS/54','YOGYA SUKABUMI',NULL,'Packed','Order','Frontliner Abc'),(56,'2023-11-01 00:08:35',17,NULL,NULL,1,'L26EV3X3ZESUK40','Mamasuka','DIST_DKI','INV/20230929/MMS/55','YOGYA SUKABUMI',NULL,'Packed','Order','Frontliner Abc'),(57,'2023-11-01 00:08:35',17,NULL,NULL,1,'QUQQCD3FNOJEXRV','Mamasuka','DIST_DKI','INV/20230929/MMS/56','YOGYA SUKABUMI',NULL,'Packed','Order','Frontliner Abc'),(58,'2023-11-01 00:08:35',17,NULL,NULL,1,'UPMY8EB8CK5ZAD5','Mamasuka','DIST_DKI','INV/20230929/MMS/57','YOGYA SUKABUMI',NULL,'Packed','Order','Frontliner Abc'),(59,'2023-11-01 00:08:35',17,NULL,NULL,1,'HBA3VP9X8CSWSW0','Mamasuka','DIST_DKI','INV/20230929/MMS/58','BRASTAGI TIARA',NULL,'Packed','Order','Frontliner Abc'),(60,'2023-11-01 00:08:35',17,NULL,NULL,1,'JM27FDWH7O1MGKP','Mamasuka','DIST_DKI','INV/20230929/MMS/59','BRASTAGI TIARA',NULL,'Packed','Order','Frontliner Abc'),(61,'2023-11-01 00:08:35',17,NULL,NULL,1,'W20PXVC3ZDE676Q','Mamasuka','DIST_DKI','INV/20230929/MMS/60','BRASTAGI TIARA',NULL,'Packed','Order','Frontliner Abc'),(62,'2023-11-01 00:08:35',17,NULL,NULL,1,'EFHA6J40Y6KK5AY','Mamasuka','DIST_DKI','INV/20230929/MMS/61','BRASTAGI TIARA',NULL,'Packed','Order','Frontliner Abc'),(63,'2023-11-01 00:08:35',17,NULL,NULL,1,'0O91WP0H39RPDWZ','Mamasuka','DIST_DKI','INV/20230929/MMS/62','BRASTAGI TIARA',NULL,'Packed','Order','Frontliner Abc'),(64,'2023-11-01 00:08:35',17,NULL,NULL,1,'S04P9NNHDYZWR1C','Mamasuka','DIST_DKI','INV/20230929/MMS/63','BRASTAGI TIARA',NULL,'Packed','Order','Frontliner Abc'),(65,'2023-11-01 00:08:35',17,NULL,NULL,1,'FVW8VY2GZVPU6X4','Mamasuka','DIST_DKI','INV/20230929/MMS/64','BRASTAGI TIARA',NULL,'Packed','Order','Frontliner Abc'),(66,'2023-11-01 00:08:35',17,NULL,NULL,1,'67K4SDJJYE2NKN7','Mamasuka','DIST_DKI','INV/20230929/MMS/65','BRASTAGI TIARA',NULL,'Packed','Order','Frontliner Abc'),(67,'2023-11-01 00:08:35',17,NULL,NULL,1,'A52D1AFEH7JXDAZ','Mamasuka','DIST_DKI','INV/20230929/MMS/66','CV IRIAN BAHAGIA BERSAMA',NULL,'Packed','Order','Frontliner Abc'),(68,'2023-11-01 00:08:35',17,NULL,NULL,1,'4WJF0SZ6BZJFVEY','Mamasuka','DIST_DKI','INV/20230929/MMS/67','CV IRIAN BAHAGIA BERSAMA',NULL,'Packed','Order','Frontliner Abc'),(69,'2023-11-01 00:08:35',17,NULL,NULL,1,'MZ34US6ZKULH9RN','Mamasuka','DIST_DKI','INV/20230929/MMS/68','CV IRIAN BAHAGIA BERSAMA',NULL,'Packed','Order','Frontliner Abc'),(70,'2023-11-01 00:08:35',17,NULL,NULL,1,'RU4QOWYHP01SE87','Mamasuka','DIST_DKI','INV/20230929/MMS/69','CV IRIAN BAHAGIA BERSAMA',NULL,'Packed','Order','Frontliner Abc'),(71,'2023-11-01 00:08:35',17,NULL,NULL,1,'71C1X1B98BN748S','Mamasuka','DIST_DKI','INV/20230929/MMS/70','CV IRIAN BAHAGIA BERSAMA',NULL,'Packed','Order','Frontliner Abc'),(72,'2023-11-01 00:08:35',17,NULL,NULL,1,'61UNUCZH4QJ8Z5R','Mamasuka','DIST_DKI','INV/20230929/MMS/71','CV IRIAN BAHAGIA BERSAMA',NULL,'Packed','Order','Frontliner Abc'),(73,'2023-11-01 00:08:35',17,NULL,NULL,1,'PHOGHV8HI3LF3QY','Mamasuka','DIST_DKI','INV/20230929/MMS/72','YOGYA SUKABUMI',NULL,'Packed','Order','Frontliner Abc'),(74,'2023-11-01 00:08:35',17,NULL,NULL,1,'WN2GBL6RQJWQGIY','Mamasuka','DIST_DKI','INV/20230929/MMS/73','YOGYA SUKABUMI',NULL,'Packed','Order','Frontliner Abc'),(75,'2023-11-01 00:08:35',17,NULL,NULL,1,'CRQJCYM4BOIYUWM','Mamasuka','DIST_DKI','INV/20230929/MMS/74','YOGYA SUKABUMI',NULL,'Packed','Order','Frontliner Abc'),(76,'2023-11-01 00:08:35',17,NULL,NULL,1,'M1XI583Z46O3R78','Mamasuka','DIST_DKI','INV/20230929/MMS/75','YOGYA SUKABUMI',NULL,'Packed','Order','Frontliner Abc'),(77,'2023-11-01 00:08:35',17,NULL,NULL,1,'S0EMD6YSZP02AYF','Mamasuka','DIST_DKI','INV/20230929/MMS/76','YOGYA SUKABUMI',NULL,'Packed','Order','Frontliner Abc'),(78,'2023-11-01 00:08:35',17,NULL,NULL,1,'I8Y1ML6YJJ6HMGM','Mamasuka','DIST_DKI','INV/20230929/MMS/77','YOGYA SUKABUMI',NULL,'Packed','Order','Frontliner Abc'),(79,'2023-11-01 00:08:35',17,NULL,NULL,1,'LDPUZ13JJ0DT0WY','Mamasuka','DIST_DKI','INV/20230929/MMS/78','YOGYA SUKABUMI',NULL,'Packed','Order','Frontliner Abc'),(80,'2023-11-01 00:08:35',17,NULL,NULL,1,'QP6YNGYWLN757FW','Mamasuka','DIST_DKI','INV/20230929/MMS/79','YOGYA SUKABUMI',NULL,'Packed','Order','Frontliner Abc'),(81,'2023-11-01 00:08:35',17,NULL,NULL,1,'7FWOGGG8GERVMP4','Mamasuka','DIST_DKI','INV/20230929/MMS/80','YOGYA SUKABUMI',NULL,'Packed','Order','Frontliner Abc'),(82,'2023-11-01 00:08:35',17,NULL,NULL,1,'08TKTLELLVB45DB','Mamasuka','DIST_DKI','INV/20230929/MMS/81','YOGYA SUKABUMI',NULL,'Packed','Order','Frontliner Abc'),(83,'2023-11-01 00:08:35',17,NULL,NULL,1,'ZF1058FPPDG5LI4','Mamasuka','DIST_DKI','INV/20230929/MMS/82','YOGYA SUKABUMI',NULL,'Packed','Order','Frontliner Abc'),(84,'2023-11-01 00:08:35',17,NULL,NULL,1,'HXMZQOWEDBAIWWF','Mamasuka','DIST_DKI','INV/20230929/MMS/83','BRASTAGI GATSU',NULL,'Packed','Order','Frontliner Abc'),(85,'2023-11-01 00:08:35',17,NULL,NULL,1,'SRJZQ8LWI435W0C','Mamasuka','DIST_DKI','INV/20230929/MMS/84','BRASTAGI GATSU',NULL,'Packed','Order','Frontliner Abc'),(86,'2023-11-01 00:08:35',17,NULL,NULL,1,'DQHFD0O609TJXEH','Mamasuka','DIST_DKI','INV/20230929/MMS/85','BRASTAGI GATSU',NULL,'Packed','Order','Frontliner Abc'),(87,'2023-11-01 00:08:35',17,NULL,NULL,1,'45SB0U0SXMZJYLI','Mamasuka','DIST_DKI','INV/20230929/MMS/86','BRASTAGI GATSU',NULL,'Packed','Order','Frontliner Abc'),(88,'2023-11-01 00:08:35',17,NULL,NULL,1,'E8HHCCBDVKX1UOX','Mamasuka','DIST_DKI','INV/20230929/MMS/87','BRASTAGI GATSU',NULL,'Packed','Order','Frontliner Abc'),(89,'2023-11-01 00:08:35',17,NULL,NULL,1,'ZCND9XHHECUMPFK','Mamasuka','DIST_DKI','INV/20230929/MMS/88','BRASTAGI GATSU',NULL,'Packed','Order','Frontliner Abc'),(90,'2023-11-01 00:08:35',17,NULL,NULL,1,'VO0VFBNDZIPXL4F','Mamasuka','DIST_DKI','INV/20230929/MMS/89','BRASTAGI GATSU',NULL,'Packed','Order','Frontliner Abc'),(91,'2023-11-01 00:08:35',17,NULL,NULL,1,'AOLZJPPLOTGQGIE','Mamasuka','DIST_DKI','INV/20230929/MMS/90','BRASTAGI GATSU',NULL,'Packed','Order','Frontliner Abc'),(92,'2023-11-01 00:08:35',17,NULL,NULL,1,'78DD42Z9MDG20KE','Mamasuka','DIST_DKI','INV/20230929/MMS/91','INDOGROSIR SUKABUMI',NULL,'Packed','Order','Frontliner Abc'),(93,'2023-11-01 00:08:35',17,NULL,NULL,1,'N7IT3TL1T985FEQ','Mamasuka','DIST_DKI','INV/20230929/MMS/92','INDOGROSIR SUKABUMI',NULL,'Packed','Order','Frontliner Abc'),(94,'2023-11-01 00:08:35',17,NULL,NULL,1,'2OH8B4XQH74IF6M','Mamasuka','DIST_DKI','INV/20230929/MMS/93','INDOGROSIR SUKABUMI',NULL,'Packed','Order','Frontliner Abc'),(95,'2023-11-01 00:08:35',17,NULL,NULL,1,'RNH9X72CUGOQURJ','Mamasuka','DIST_DKI','INV/20230929/MMS/94','INDOGROSIR SUKABUMI',NULL,'Packed','Order','Frontliner Abc'),(96,'2023-11-01 00:08:35',17,NULL,NULL,1,'02HU1GBCBF5E8EJ','Mamasuka','DIST_DKI','INV/20230929/MMS/95','INDOGROSIR SUKABUMI',NULL,'Packed','Order','Frontliner Abc'),(97,'2023-11-01 00:08:35',17,NULL,NULL,1,'X2Z1KRQX1Q3AXJU','Mamasuka','DIST_DKI','INV/20230929/MMS/96','INDOGROSIR SUKABUMI',NULL,'Packed','Order','Frontliner Abc'),(98,'2023-11-01 00:08:35',17,NULL,NULL,1,'VZMK3PQ5KRBNACS','Mamasuka','DIST_DKI','INV/20230929/MMS/97','INDOGROSIR',NULL,'Packed','Order','Frontliner Abc'),(99,'2023-11-01 00:08:35',17,NULL,NULL,1,'601NVENMC9NUPXP','Mamasuka','DIST_DKI','INV/20230929/MMS/98','INDOGROSIR',NULL,'Packed','Order','Frontliner Abc');
/*!40000 ALTER TABLE `tb_order_pack` ENABLE KEYS */;
UNLOCK TABLES;

--
-- Table structure for table `tb_order_pack_detail`
--

DROP TABLE IF EXISTS `tb_order_pack_detail`;
/*!40101 SET @saved_cs_client     = @@character_set_client */;
/*!40101 SET character_set_client = utf8 */;
CREATE TABLE `tb_order_pack_detail` (
  `tbopd_id` int(11) NOT NULL AUTO_INCREMENT,
  `tbopd_create_date` datetime DEFAULT NULL,
  `tbopd_create_id` int(11) DEFAULT NULL,
  `tbopd_update_date` datetime DEFAULT NULL,
  `tbopd_update_id` int(11) DEFAULT NULL,
  `tbop_id` int(11) DEFAULT NULL,
  `tbopd_type` varchar(255) DEFAULT NULL,
  `tbopd_order_no` varchar(255) DEFAULT NULL,
  `tbopd_brand` varchar(255) DEFAULT NULL,
  `tbopd_sku` varchar(255) DEFAULT NULL,
  `tbopd_code` varchar(255) DEFAULT NULL,
  `tbopd_item` varchar(255) DEFAULT NULL,
  `tbopd_status` varchar(255) DEFAULT NULL,
  `tbopd_check` varchar(255) DEFAULT NULL,
  `tbopd_sku_additional` varchar(255) DEFAULT NULL,
  `tbopd_type_not_packed` varchar(255) DEFAULT NULL,
  `tbopd_qty` int(11) DEFAULT NULL,
  `tbopd_qty_pack` int(11) DEFAULT NULL,
  `tbopd_market_id` varchar(255) DEFAULT NULL,
  PRIMARY KEY (`tbopd_id`),
  KEY `tb_order_pack_detail_tbop_id_index` (`tbop_id`),
  KEY `tb_order_pack_detail_tbopd_type_index` (`tbopd_type`),
  KEY `tb_order_pack_detail_tbopd_order_no_index` (`tbopd_order_no`),
  KEY `tb_order_pack_detail_tbopd_brand_index` (`tbopd_brand`),
  KEY `tb_order_pack_detail_tbopd_sku_index` (`tbopd_sku`),
  KEY `tb_order_pack_detail_tbopd_code_index` (`tbopd_code`),
  KEY `tb_order_pack_detail_tbopd_item_index` (`tbopd_item`),
  KEY `tb_order_pack_detail_tbopd_status_index` (`tbopd_status`),
  KEY `tb_order_pack_detail_tbopd_check_index` (`tbopd_check`)
) ENGINE=InnoDB AUTO_INCREMENT=109 DEFAULT CHARSET=utf8mb4 COLLATE=utf8mb4_general_ci;
/*!40101 SET character_set_client = @saved_cs_client */;

--
-- Dumping data for table `tb_order_pack_detail`
--

LOCK TABLES `tb_order_pack_detail` WRITE;
/*!40000 ALTER TABLE `tb_order_pack_detail` DISABLE KEYS */;
INSERT INTO `tb_order_pack_detail` VALUES (1,'2023-11-01 00:08:35',17,NULL,NULL,1,'Product','INV/20230929/MMS/00','Mamasuka','4.140402.016','NO Barcode','Lemonilo Chimi Jagung Bakar 24x50Gr','Delivered','OK',NULL,NULL,30,30,'DIST_DKI'),(2,'2023-11-01 00:08:35',17,NULL,NULL,2,'Product','INV/20230929/MMS/01','Mamasuka','4.140401.027','NO Barcode','Lemonilo Mie Goreng 20x80 gr','Packed','OK',NULL,NULL,86,86,'DIST_DKI'),(3,'2023-11-01 00:08:35',17,NULL,NULL,3,'Product','INV/20230929/MMS/02','Mamasuka','4.140402.017','NO Barcode','Lemonilo Chimi Jagung Balado 24x50G','Packed','OK',NULL,NULL,20,20,'DIST_DKI'),(4,'2023-11-01 00:08:35',17,NULL,NULL,4,'Product','INV/20230929/MMS/03','Mamasuka','4.140401.028','NO Barcode','Lemonilo Mie Bawang 20x70 gr','Packed','OK',NULL,NULL,45,45,'DIST_DKI'),(5,'2023-11-01 00:08:35',17,NULL,NULL,5,'Product','INV/20230929/MMS/04','Mamasuka','4.140401.012','NO Barcode','Lemonilo Mie Pedas Korea 20x85 gr','Packed','OK',NULL,NULL,31,31,'DIST_DKI'),(6,'2023-11-01 00:08:35',17,NULL,NULL,6,'Product','INV/20230929/MMS/05','Mamasuka','4.140401.027','NO Barcode','Lemonilo Mie Goreng 20x80 gr','Packed','OK',NULL,NULL,40,40,'DIST_DKI'),(7,'2023-11-01 00:08:35',17,NULL,NULL,7,'Product','INV/20230929/MMS/06','Mamasuka','4.140401.028','NO Barcode','Lemonilo Mie Bawang 20x70 gr','Packed','OK',NULL,NULL,4,4,'DIST_DKI'),(8,'2023-11-01 00:08:35',17,NULL,NULL,8,'Product','INV/20230929/MMS/07','Mamasuka','4.140401.012','NO Barcode','Lemonilo Mie Pedas Korea 20x85 gr','Packed','OK',NULL,NULL,10,10,'DIST_DKI'),(9,'2023-11-01 00:08:35',17,NULL,NULL,9,'Product','INV/20230929/MMS/08','Mamasuka','4.140401.011','NO Barcode','Lemonilo Mie Rendang 20x77 gr','Packed','OK',NULL,NULL,2,2,'DIST_DKI'),(10,'2023-11-01 00:08:35',17,NULL,NULL,10,'Product','INV/20230929/MMS/09','Mamasuka','Skunew003','NO Barcode','Lemonilo Ramen Jepang','Packed','OK',NULL,NULL,5,5,'DIST_DKI'),(11,'2023-11-01 00:08:35',17,NULL,NULL,11,'Product','INV/20230929/MMS/10','Mamasuka','8997232970046','NO Barcode','Lemonilo Brownies Crispy Chocochips 40 GR','Packed','OK',NULL,NULL,25,25,'DIST_DKI'),(12,'2023-11-01 00:08:35',17,NULL,NULL,12,'Product','INV/20230929/MMS/11','Mamasuka','8997232970053','NO Barcode','Lemonilo Brownies Crispy Keju 40 GR','Packed','OK',NULL,NULL,34,34,'DIST_DKI'),(13,'2023-11-01 00:08:35',17,NULL,NULL,13,'Product','INV/20230929/MMS/12','Mamasuka','4.140402.016','NO Barcode','Lemonilo Chimi Jagung Bakar 24x50Gr','Packed','OK',NULL,NULL,27,27,'DIST_DKI'),(14,'2023-11-01 00:08:35',17,NULL,NULL,14,'Product','INV/20230929/MMS/13','Mamasuka','4.140402.017','NO Barcode','Lemonilo Chimi Jagung Balado 24x50G','Packed','OK',NULL,NULL,6,6,'DIST_DKI'),(15,'2023-11-01 00:08:35',17,NULL,NULL,15,'Product','INV/20230929/MMS/14','Mamasuka','8997232970046','NO Barcode','Lemonilo Brownies Crispy Chocochips 40 GR','Packed','OK',NULL,NULL,5,5,'DIST_DKI'),(16,'2023-11-01 00:08:35',17,NULL,NULL,16,'Product','INV/20230929/MMS/15','Mamasuka','8997232970053','NO Barcode','Lemonilo Brownies Crispy Keju 40 GR','Packed','OK',NULL,NULL,0,0,'DIST_DKI'),(17,'2023-11-01 00:08:35',17,NULL,NULL,17,'Product','INV/20230929/MMS/16','Mamasuka','4.140402.016','NO Barcode','Lemonilo Chimi Jagung Bakar 24x50Gr','Packed','OK',NULL,NULL,7,7,'DIST_DKI'),(18,'2023-11-01 00:08:35',17,NULL,NULL,18,'Product','INV/20230929/MMS/17','Mamasuka','4.140402.017','NO Barcode','Lemonilo Chimi Jagung Balado 24x50G','Packed','OK',NULL,NULL,6,6,'DIST_DKI'),(19,'2023-11-01 00:08:35',17,NULL,NULL,19,'Product','INV/20230929/MMS/18','Mamasuka','Skunew002','NO Barcode','Lemonilo Kuah Rasa Soto Koya 60GR','Packed','OK',NULL,NULL,27,27,'DIST_DKI'),(20,'2023-11-01 00:08:35',17,NULL,NULL,20,'Product','INV/20230929/MMS/19','Mamasuka','4.140401.028','NO Barcode','Lemonilo Mie Bawang 20x70 gr','Packed','OK',NULL,NULL,19,19,'DIST_DKI'),(21,'2023-11-01 00:08:35',17,NULL,NULL,21,'Product','INV/20230929/MMS/20','Mamasuka','4.140401.027','NO Barcode','Lemonilo Mie Goreng 20x80 gr','Packed','OK',NULL,NULL,41,41,'DIST_DKI'),(22,'2023-11-01 00:08:35',17,NULL,NULL,22,'Product','INV/20230929/MMS/21','Mamasuka','4.140401.011','NO Barcode','Lemonilo Mie Rendang 20x77 gr','Packed','OK',NULL,NULL,18,18,'DIST_DKI'),(23,'2023-11-01 00:08:35',17,NULL,NULL,23,'Product','INV/20230929/MMS/22','Mamasuka','4.140401.012','NO Barcode','Lemonilo Mie Pedas Korea 20x85 gr','Packed','OK',NULL,NULL,22,22,'DIST_DKI'),(24,'2023-11-01 00:08:35',17,NULL,NULL,24,'Product','INV/20230929/MMS/23','Mamasuka','4.140401.027','NO Barcode','Lemonilo Mie Goreng 20x80 gr','Packed','OK',NULL,NULL,36,36,'DIST_DKI'),(25,'2023-11-01 00:08:35',17,NULL,NULL,25,'Product','INV/20230929/MMS/24','Mamasuka','4.140401.029','NO Barcode','Lemonilo Mie Kari Ayam 20x73 gr','Packed','OK',NULL,NULL,2,2,'DIST_DKI'),(26,'2023-11-01 00:08:35',17,NULL,NULL,26,'Product','INV/20230929/MMS/25','Mamasuka','4.140401.028','NO Barcode','Lemonilo Mie Bawang 20x70 gr','Packed','OK',NULL,NULL,3,3,'DIST_DKI'),(27,'2023-11-01 00:08:35',17,NULL,NULL,27,'Product','INV/20230929/MMS/26','Mamasuka','4.140401.012','NO Barcode','Lemonilo Mie Pedas Korea 20x85 gr','Packed','OK',NULL,NULL,8,8,'DIST_DKI'),(28,'2023-11-01 00:08:35',17,NULL,NULL,28,'Product','INV/20230929/MMS/27','Mamasuka','4.140402.016','NO Barcode','Lemonilo Chimi Jagung Bakar 24x50Gr','Packed','OK',NULL,NULL,16,16,'DIST_DKI'),(29,'2023-11-01 00:08:35',17,NULL,NULL,29,'Product','INV/20230929/MMS/28','Mamasuka','4.140402.017','NO Barcode','Lemonilo Chimi Jagung Balado 24x50G','Packed','OK',NULL,NULL,5,5,'DIST_DKI'),(30,'2023-11-01 00:08:35',17,NULL,NULL,30,'Product','INV/20230929/MMS/29','Mamasuka','4.140402.016','NO Barcode','Lemonilo Chimi Jagung Bakar 24x50Gr','Packed','OK',NULL,NULL,0,0,'DIST_DKI'),(31,'2023-11-01 00:08:35',17,NULL,NULL,31,'Product','INV/20230929/MMS/30','Mamasuka','4.140402.017','NO Barcode','Lemonilo Chimi Jagung Balado 24x50G','Packed','OK',NULL,NULL,4,4,'DIST_DKI'),(32,'2023-11-01 00:08:35',17,NULL,NULL,32,'Product','INV/20230929/MMS/31','Mamasuka','4.140401.028','NO Barcode','Lemonilo Mie Bawang 20x70 gr','Packed','OK',NULL,NULL,26,26,'DIST_DKI'),(33,'2023-11-01 00:08:35',17,NULL,NULL,33,'Product','INV/20230929/MMS/32','Mamasuka','4.140401.027','NO Barcode','Lemonilo Mie Goreng 20x80 gr','Packed','OK',NULL,NULL,45,45,'DIST_DKI'),(34,'2023-11-01 00:08:35',17,NULL,NULL,34,'Product','INV/20230929/MMS/33','Mamasuka','4.140401.012','NO Barcode','Lemonilo Mie Pedas Korea 20x85 gr','Packed','OK',NULL,NULL,18,18,'DIST_DKI'),(35,'2023-11-01 00:08:35',17,NULL,NULL,35,'Product','INV/20230929/MMS/34','Mamasuka','4.140401.011','NO Barcode','Lemonilo Mie Rendang 20x77 gr','Packed','OK',NULL,NULL,18,18,'DIST_DKI'),(36,'2023-11-01 00:08:35',17,NULL,NULL,36,'Product','INV/20230929/MMS/35','Mamasuka','8997232970046','NO Barcode','Lemonilo Brownies Crispy Chocochips 40 GR','Packed','OK',NULL,NULL,8,8,'DIST_DKI'),(37,'2023-11-01 00:08:35',17,NULL,NULL,37,'Product','INV/20230929/MMS/36','Mamasuka','4.140402.016','NO Barcode','Lemonilo Chimi Jagung Bakar 24x50Gr','Packed','OK',NULL,NULL,6,6,'DIST_DKI'),(38,'2023-11-01 00:08:35',17,NULL,NULL,38,'Product','INV/20230929/MMS/37','Mamasuka','4.140402.017','NO Barcode','Lemonilo Chimi Jagung Balado 24x50G','Packed','OK',NULL,NULL,5,5,'DIST_DKI'),(39,'2023-11-01 00:08:35',17,NULL,NULL,39,'Product','INV/20230929/MMS/38','Mamasuka','Skunew002','NO Barcode','Lemonilo Kuah Rasa Soto Koya 60GR','Packed','OK',NULL,NULL,29,29,'DIST_DKI'),(40,'2023-11-01 00:08:35',17,NULL,NULL,40,'Product','INV/20230929/MMS/39','Mamasuka','4.140401.028','NO Barcode','Lemonilo Mie Bawang 20x70 gr','Packed','OK',NULL,NULL,21,21,'DIST_DKI'),(41,'2023-11-01 00:08:35',17,NULL,NULL,41,'Product','INV/20230929/MMS/40','Mamasuka','4.140401.027','NO Barcode','Lemonilo Mie Goreng 20x80 gr','Packed','OK',NULL,NULL,42,42,'DIST_DKI'),(42,'2023-11-01 00:08:35',17,NULL,NULL,42,'Product','INV/20230929/MMS/41','Mamasuka','4.140401.012','NO Barcode','Lemonilo Mie Pedas Korea 20x85 gr','Packed','OK',NULL,NULL,27,27,'DIST_DKI'),(43,'2023-11-01 00:08:35',17,NULL,NULL,43,'Product','INV/20230929/MMS/42','Mamasuka','4.140401.011','NO Barcode','Lemonilo Mie Rendang 20x77 gr','Packed','OK',NULL,NULL,26,26,'DIST_DKI'),(44,'2023-11-01 00:08:35',17,NULL,NULL,44,'Product','INV/20230929/MMS/43','Mamasuka','4.140402.016','NO Barcode','Lemonilo Chimi Jagung Bakar 24x50Gr','Packed','OK',NULL,NULL,36,36,'DIST_DKI'),(45,'2023-11-01 00:08:35',17,NULL,NULL,45,'Product','INV/20230929/MMS/44','Mamasuka','4.140402.017','NO Barcode','Lemonilo Chimi Jagung Balado 24x50G','Packed','OK',NULL,NULL,25,25,'DIST_DKI'),(46,'2023-11-01 00:08:35',17,NULL,NULL,46,'Product','INV/20230929/MMS/45','Mamasuka','4.140401.027','NO Barcode','Lemonilo Mie Goreng 20x80 gr','Packed','OK',NULL,NULL,35,35,'DIST_DKI'),(47,'2023-11-01 00:08:35',17,NULL,NULL,47,'Product','INV/20230929/MMS/46','Mamasuka','4.140401.028','NO Barcode','Lemonilo Mie Bawang 20x70 gr','Packed','OK',NULL,NULL,7,7,'DIST_DKI'),(48,'2023-11-01 00:08:35',17,NULL,NULL,48,'Product','INV/20230929/MMS/47','Mamasuka','4.140401.012','NO Barcode','Lemonilo Mie Pedas Korea 20x85 gr','Packed','OK',NULL,NULL,40,40,'DIST_DKI'),(49,'2023-11-01 00:08:35',17,NULL,NULL,49,'Product','INV/20230929/MMS/48','Mamasuka','4.140401.027','NO Barcode','Lemonilo Mie Goreng 20x80 gr','Packed','OK',NULL,NULL,42,42,'DIST_DKI'),(50,'2023-11-01 00:08:35',17,NULL,NULL,50,'Product','INV/20230929/MMS/49','Mamasuka','4.140401.028','NO Barcode','Lemonilo Mie Bawang 20x70 gr','Packed','OK',NULL,NULL,4,4,'DIST_DKI'),(51,'2023-11-01 00:08:35',17,NULL,NULL,51,'Product','INV/20230929/MMS/50','Mamasuka','4.140401.012','NO Barcode','Lemonilo Mie Pedas Korea 20x85 gr','Packed','OK',NULL,NULL,10,10,'DIST_DKI'),(52,'2023-11-01 00:08:35',17,NULL,NULL,52,'Product','INV/20230929/MMS/51','Mamasuka','4.140401.011','NO Barcode','Lemonilo Mie Rendang 20x77 gr','Packed','OK',NULL,NULL,2,2,'DIST_DKI'),(53,'2023-11-01 00:08:35',17,NULL,NULL,53,'Product','INV/20230929/MMS/52','Mamasuka','Skunew002','NO Barcode','Lemonilo Kuah Rasa Soto Koya 60GR','Packed','OK',NULL,NULL,2,2,'DIST_DKI'),(54,'2023-11-01 00:08:35',17,NULL,NULL,54,'Product','INV/20230929/MMS/53','Mamasuka','Skunew003','NO Barcode','Lemonilo Ramen Jepang','Packed','OK',NULL,NULL,5,5,'DIST_DKI'),(55,'2023-11-01 00:08:35',17,NULL,NULL,55,'Product','INV/20230929/MMS/54','Mamasuka','8997232970046','NO Barcode','Lemonilo Brownies Crispy Chocochips 40 GR','Packed','OK',NULL,NULL,18,18,'DIST_DKI'),(56,'2023-11-01 00:08:35',17,NULL,NULL,56,'Product','INV/20230929/MMS/55','Mamasuka','8997232970053','NO Barcode','Lemonilo Brownies Crispy Keju 40 GR','Packed','OK',NULL,NULL,39,39,'DIST_DKI'),(57,'2023-11-01 00:08:35',17,NULL,NULL,57,'Product','INV/20230929/MMS/56','Mamasuka','4.140402.016','NO Barcode','Lemonilo Chimi Jagung Bakar 24x50Gr','Packed','OK',NULL,NULL,25,25,'DIST_DKI'),(58,'2023-11-01 00:08:35',17,NULL,NULL,58,'Product','INV/20230929/MMS/57','Mamasuka','4.140402.017','NO Barcode','Lemonilo Chimi Jagung Balado 24x50G','Packed','OK',NULL,NULL,5,5,'DIST_DKI'),(59,'2023-11-01 00:08:35',17,NULL,NULL,59,'Product','INV/20230929/MMS/58','Mamasuka','8997232970046','NO Barcode','Lemonilo Brownies Crispy Chocochips 40 GR','Packed','OK',NULL,NULL,11,11,'DIST_DKI'),(60,'2023-11-01 00:08:35',17,NULL,NULL,60,'Product','INV/20230929/MMS/59','Mamasuka','4.140402.016','NO Barcode','Lemonilo Chimi Jagung Bakar 24x50Gr','Packed','OK',NULL,NULL,9,9,'DIST_DKI'),(61,'2023-11-01 00:08:35',17,NULL,NULL,61,'Product','INV/20230929/MMS/60','Mamasuka','4.140402.017','NO Barcode','Lemonilo Chimi Jagung Balado 24x50G','Packed','OK',NULL,NULL,9,9,'DIST_DKI'),(62,'2023-11-01 00:08:35',17,NULL,NULL,62,'Product','INV/20230929/MMS/61','Mamasuka','Skunew002','NO Barcode','Lemonilo Kuah Rasa Soto Koya 60GR','Packed','OK',NULL,NULL,13,13,'DIST_DKI'),(63,'2023-11-01 00:08:35',17,NULL,NULL,63,'Product','INV/20230929/MMS/62','Mamasuka','4.140401.028','NO Barcode','Lemonilo Mie Bawang 20x70 gr','Packed','OK',NULL,NULL,22,22,'DIST_DKI'),(64,'2023-11-01 00:08:35',17,NULL,NULL,64,'Product','INV/20230929/MMS/63','Mamasuka','4.140401.027','NO Barcode','Lemonilo Mie Goreng 20x80 gr','Packed','OK',NULL,NULL,58,58,'DIST_DKI'),(65,'2023-11-01 00:08:35',17,NULL,NULL,65,'Product','INV/20230929/MMS/64','Mamasuka','4.140401.012','NO Barcode','Lemonilo Mie Pedas Korea 20x85 gr','Packed','OK',NULL,NULL,26,26,'DIST_DKI'),(66,'2023-11-01 00:08:35',17,NULL,NULL,66,'Product','INV/20230929/MMS/65','Mamasuka','4.140401.011','NO Barcode','Lemonilo Mie Rendang 20x77 gr','Packed','OK',NULL,NULL,10,10,'DIST_DKI'),(67,'2023-11-01 00:08:35',17,NULL,NULL,67,'Product','INV/20230929/MMS/66','Mamasuka','4.140402.016','NO Barcode','Lemonilo Chimi Jagung Bakar 24x50Gr','Packed','OK',NULL,NULL,0,0,'DIST_DKI'),(68,'2023-11-01 00:08:35',17,NULL,NULL,68,'Product','INV/20230929/MMS/67','Mamasuka','4.140402.017','NO Barcode','Lemonilo Chimi Jagung Balado 24x50G','Packed','OK',NULL,NULL,5,5,'DIST_DKI'),(69,'2023-11-01 00:08:35',17,NULL,NULL,69,'Product','INV/20230929/MMS/68','Mamasuka','4.140401.028','NO Barcode','Lemonilo Mie Bawang 20x70 gr','Packed','OK',NULL,NULL,22,22,'DIST_DKI'),(70,'2023-11-01 00:08:35',17,NULL,NULL,70,'Product','INV/20230929/MMS/69','Mamasuka','4.140401.027','NO Barcode','Lemonilo Mie Goreng 20x80 gr','Packed','OK',NULL,NULL,40,40,'DIST_DKI'),(71,'2023-11-01 00:08:35',17,NULL,NULL,71,'Product','INV/20230929/MMS/70','Mamasuka','4.140401.012','NO Barcode','Lemonilo Mie Pedas Korea 20x85 gr','Packed','OK',NULL,NULL,25,25,'DIST_DKI'),(72,'2023-11-01 00:08:35',17,NULL,NULL,72,'Product','INV/20230929/MMS/71','Mamasuka','4.140401.011','NO Barcode','Lemonilo Mie Rendang 20x77 gr','Packed','OK',NULL,NULL,11,11,'DIST_DKI'),(73,'2023-11-01 00:08:35',17,NULL,NULL,73,'Product','INV/20230929/MMS/72','Mamasuka','4.140401.027','NO Barcode','Lemonilo Mie Goreng 20x80 gr','Packed','OK',NULL,NULL,41,41,'DIST_DKI'),(74,'2023-11-01 00:08:35',17,NULL,NULL,74,'Product','INV/20230929/MMS/73','Mamasuka','4.140401.028','NO Barcode','Lemonilo Mie Bawang 20x70 gr','Packed','OK',NULL,NULL,2,2,'DIST_DKI'),(75,'2023-11-01 00:08:35',17,NULL,NULL,75,'Product','INV/20230929/MMS/74','Mamasuka','4.140401.012','NO Barcode','Lemonilo Mie Pedas Korea 20x85 gr','Packed','OK',NULL,NULL,12,12,'DIST_DKI'),(76,'2023-11-01 00:08:35',17,NULL,NULL,76,'Product','INV/20230929/MMS/75','Mamasuka','4.140401.011','NO Barcode','Lemonilo Mie Rendang 20x77 gr','Packed','OK',NULL,NULL,2,2,'DIST_DKI'),(77,'2023-11-01 00:08:35',17,NULL,NULL,77,'Product','INV/20230929/MMS/76','Mamasuka','Skunew002','NO Barcode','Lemonilo Kuah Rasa Soto Koya 60GR','Packed','OK',NULL,NULL,5,5,'DIST_DKI'),(78,'2023-11-01 00:08:35',17,NULL,NULL,78,'Product','INV/20230929/MMS/77','Mamasuka','konjagu001','NO Barcode','Lemonilo Konjaqu Mi Instant 78Gr','Packed','OK',NULL,NULL,2,2,'DIST_DKI'),(79,'2023-11-01 00:08:35',17,NULL,NULL,79,'Product','INV/20230929/MMS/78','Mamasuka','Skunew003','NO Barcode','Lemonilo Ramen Jepang','Packed','OK',NULL,NULL,4,4,'DIST_DKI'),(80,'2023-11-01 00:08:35',17,NULL,NULL,80,'Product','INV/20230929/MMS/79','Mamasuka','8997232970046','NO Barcode','Lemonilo Brownies Crispy Chocochips 40 GR','Packed','OK',NULL,NULL,25,25,'DIST_DKI'),(81,'2023-11-01 00:08:35',17,NULL,NULL,81,'Product','INV/20230929/MMS/80','Mamasuka','8997232970053','NO Barcode','Lemonilo Brownies Crispy Keju 40 GR','Packed','OK',NULL,NULL,21,21,'DIST_DKI'),(82,'2023-11-01 00:08:35',17,NULL,NULL,82,'Product','INV/20230929/MMS/81','Mamasuka','4.140402.016','NO Barcode','Lemonilo Chimi Jagung Bakar 24x50Gr','Packed','OK',NULL,NULL,17,17,'DIST_DKI'),(83,'2023-11-01 00:08:35',17,NULL,NULL,83,'Product','INV/20230929/MMS/82','Mamasuka','4.140402.017','NO Barcode','Lemonilo Chimi Jagung Balado 24x50G','Packed','OK',NULL,NULL,5,5,'DIST_DKI'),(84,'2023-11-01 00:08:35',17,NULL,NULL,84,'Product','INV/20230929/MMS/83','Mamasuka','8997232970046','NO Barcode','Lemonilo Brownies Crispy Chocochips 40 GR','Packed','OK',NULL,NULL,23,23,'DIST_DKI'),(85,'2023-11-01 00:08:35',17,NULL,NULL,85,'Product','INV/20230929/MMS/84','Mamasuka','4.140402.016','NO Barcode','Lemonilo Chimi Jagung Bakar 24x50Gr','Packed','OK',NULL,NULL,6,6,'DIST_DKI'),(86,'2023-11-01 00:08:35',17,NULL,NULL,86,'Product','INV/20230929/MMS/85','Mamasuka','4.140402.017','NO Barcode','Lemonilo Chimi Jagung Balado 24x50G','Packed','OK',NULL,NULL,4,4,'DIST_DKI'),(87,'2023-11-01 00:08:35',17,NULL,NULL,87,'Product','INV/20230929/MMS/86','Mamasuka','Skunew002','NO Barcode','Lemonilo Kuah Rasa Soto Koya 60GR','Packed','OK',NULL,NULL,29,29,'DIST_DKI'),(88,'2023-11-01 00:08:35',17,NULL,NULL,88,'Product','INV/20230929/MMS/87','Mamasuka','4.140401.028','NO Barcode','Lemonilo Mie Bawang 20x70 gr','Packed','OK',NULL,NULL,24,24,'DIST_DKI'),(89,'2023-11-01 00:08:35',17,NULL,NULL,89,'Product','INV/20230929/MMS/88','Mamasuka','4.140401.027','NO Barcode','Lemonilo Mie Goreng 20x80 gr','Packed','OK',NULL,NULL,84,84,'DIST_DKI'),(90,'2023-11-01 00:08:35',17,NULL,NULL,90,'Product','INV/20230929/MMS/89','Mamasuka','4.140401.012','NO Barcode','Lemonilo Mie Pedas Korea 20x85 gr','Packed','OK',NULL,NULL,34,34,'DIST_DKI'),(91,'2023-11-01 00:08:35',17,NULL,NULL,91,'Product','INV/20230929/MMS/90','Mamasuka','4.140401.011','NO Barcode','Lemonilo Mie Rendang 20x77 gr','Packed','OK',NULL,NULL,22,22,'DIST_DKI'),(92,'2023-11-01 00:08:35',17,NULL,NULL,92,'Product','INV/20230929/MMS/91','Mamasuka','4.140401.027','NO Barcode','Lemonilo Mie Goreng 20x80 gr','Packed','OK',NULL,NULL,35,35,'DIST_DKI'),(93,'2023-11-01 00:08:35',17,NULL,NULL,93,'Product','INV/20230929/MMS/92','Mamasuka','4.140401.029','NO Barcode','Lemonilo Mie Kari Ayam 20x73 gr','Packed','OK',NULL,NULL,3,3,'DIST_DKI'),(94,'2023-11-01 00:08:35',17,NULL,NULL,94,'Product','INV/20230929/MMS/93','Mamasuka','4.140401.028','NO Barcode','Lemonilo Mie Bawang 20x70 gr','Packed','OK',NULL,NULL,5,5,'DIST_DKI'),(95,'2023-11-01 00:08:35',17,NULL,NULL,95,'Product','INV/20230929/MMS/94','Mamasuka','4.140401.012','NO Barcode','Lemonilo Mie Pedas Korea 20x85 gr','Packed','OK',NULL,NULL,13,13,'DIST_DKI'),(96,'2023-11-01 00:08:35',17,NULL,NULL,96,'Product','INV/20230929/MMS/95','Mamasuka','4.140402.016','NO Barcode','Lemonilo Chimi Jagung Bakar 24x50Gr','Packed','OK',NULL,NULL,15,15,'DIST_DKI'),(97,'2023-11-01 00:08:35',17,NULL,NULL,97,'Product','INV/20230929/MMS/96','Mamasuka','4.140402.017','NO Barcode','Lemonilo Chimi Jagung Balado 24x50G','Packed','OK',NULL,NULL,4,4,'DIST_DKI'),(98,'2023-11-01 00:08:35',17,NULL,NULL,98,'Product','INV/20230929/MMS/97','Mamasuka','4.140402.016','NO Barcode','Lemonilo Chimi Jagung Bakar 24x50Gr','Packed','OK',NULL,NULL,8,8,'DIST_DKI'),(99,'2023-11-01 00:08:35',17,NULL,NULL,99,'Product','INV/20230929/MMS/98','Mamasuka','4.140402.017','NO Barcode','Lemonilo Chimi Jagung Balado 24x50G','Packed','OK',NULL,NULL,10,10,'DIST_DKI'),(100,'2023-11-01 00:08:35',17,NULL,NULL,9,'Gwp','INV/20230929/MMS/08','Mamasuka','1','1','1','Additional Packed','OK','4.140401.011','Item',1,1,'DIST_DKI'),(101,'2023-11-01 00:08:35',17,NULL,NULL,22,'Gwp','INV/20230929/MMS/21','Mamasuka','1','1','1','Additional Packed','OK','4.140401.011','Item',1,1,'DIST_DKI'),(102,'2023-11-01 00:08:35',17,NULL,NULL,35,'Gwp','INV/20230929/MMS/34','Mamasuka','1','1','1','Additional Packed','OK','4.140401.011','Item',1,1,'DIST_DKI'),(103,'2023-11-01 00:08:35',17,NULL,NULL,43,'Gwp','INV/20230929/MMS/42','Mamasuka','1','1','1','Additional Packed','OK','4.140401.011','Item',1,1,'DIST_DKI'),(104,'2023-11-01 00:08:35',17,NULL,NULL,52,'Gwp','INV/20230929/MMS/51','Mamasuka','1','1','1','Additional Packed','OK','4.140401.011','Item',1,1,'DIST_DKI'),(105,'2023-11-01 00:08:35',17,NULL,NULL,66,'Gwp','INV/20230929/MMS/65','Mamasuka','1','1','1','Additional Packed','OK','4.140401.011','Item',1,1,'DIST_DKI'),(106,'2023-11-01 00:08:35',17,NULL,NULL,72,'Gwp','INV/20230929/MMS/71','Mamasuka','1','1','1','Additional Packed','OK','4.140401.011','Item',1,1,'DIST_DKI'),(107,'2023-11-01 00:08:35',17,NULL,NULL,76,'Gwp','INV/20230929/MMS/75','Mamasuka','1','1','1','Additional Packed','OK','4.140401.011','Item',1,1,'DIST_DKI'),(108,'2023-11-01 00:08:36',17,NULL,NULL,91,'Gwp','INV/20230929/MMS/90','Mamasuka','1','1','1','Additional Packed','OK','4.140401.011','Item',1,1,'DIST_DKI');
/*!40000 ALTER TABLE `tb_order_pack_detail` ENABLE KEYS */;
UNLOCK TABLES;

--
-- Table structure for table `tb_order_status`
--

DROP TABLE IF EXISTS `tb_order_status`;
/*!40101 SET @saved_cs_client     = @@character_set_client */;
/*!40101 SET character_set_client = utf8 */;
CREATE TABLE `tb_order_status` (
  `tbos_id` int(11) NOT NULL AUTO_INCREMENT,
  `tbos_create_date` datetime DEFAULT NULL,
  `tbos_create_id` int(11) DEFAULT NULL,
  `tbos_update_date` datetime DEFAULT NULL,
  `tbos_update_id` int(11) DEFAULT NULL,
  `tbo_id` int(11) DEFAULT NULL,
  `tbos_status` varchar(255) DEFAULT NULL,
  PRIMARY KEY (`tbos_id`)
) ENGINE=InnoDB AUTO_INCREMENT=101 DEFAULT CHARSET=utf8mb4 COLLATE=utf8mb4_general_ci;
/*!40101 SET character_set_client = @saved_cs_client */;

--
-- Dumping data for table `tb_order_status`
--

LOCK TABLES `tb_order_status` WRITE;
/*!40000 ALTER TABLE `tb_order_status` DISABLE KEYS */;
INSERT INTO `tb_order_status` VALUES (1,'2023-11-01 00:08:35',17,NULL,NULL,1,'Packed'),(2,'2023-11-01 00:08:35',17,NULL,NULL,2,'Packed'),(3,'2023-11-01 00:08:35',17,NULL,NULL,3,'Packed'),(4,'2023-11-01 00:08:35',17,NULL,NULL,4,'Packed'),(5,'2023-11-01 00:08:35',17,NULL,NULL,5,'Packed'),(6,'2023-11-01 00:08:35',17,NULL,NULL,6,'Packed'),(7,'2023-11-01 00:08:35',17,NULL,NULL,7,'Packed'),(8,'2023-11-01 00:08:35',17,NULL,NULL,8,'Packed'),(9,'2023-11-01 00:08:35',17,NULL,NULL,9,'Packed'),(10,'2023-11-01 00:08:35',17,NULL,NULL,10,'Packed'),(11,'2023-11-01 00:08:35',17,NULL,NULL,11,'Packed'),(12,'2023-11-01 00:08:35',17,NULL,NULL,12,'Packed'),(13,'2023-11-01 00:08:35',17,NULL,NULL,13,'Packed'),(14,'2023-11-01 00:08:35',17,NULL,NULL,14,'Packed'),(15,'2023-11-01 00:08:35',17,NULL,NULL,15,'Packed'),(16,'2023-11-01 00:08:35',17,NULL,NULL,16,'Packed'),(17,'2023-11-01 00:08:35',17,NULL,NULL,17,'Packed'),(18,'2023-11-01 00:08:35',17,NULL,NULL,18,'Packed'),(19,'2023-11-01 00:08:35',17,NULL,NULL,19,'Packed'),(20,'2023-11-01 00:08:35',17,NULL,NULL,20,'Packed'),(21,'2023-11-01 00:08:35',17,NULL,NULL,21,'Packed'),(22,'2023-11-01 00:08:35',17,NULL,NULL,22,'Packed'),(23,'2023-11-01 00:08:35',17,NULL,NULL,23,'Packed'),(24,'2023-11-01 00:08:35',17,NULL,NULL,24,'Packed'),(25,'2023-11-01 00:08:35',17,NULL,NULL,25,'Packed'),(26,'2023-11-01 00:08:35',17,NULL,NULL,26,'Packed'),(27,'2023-11-01 00:08:35',17,NULL,NULL,27,'Packed'),(28,'2023-11-01 00:08:35',17,NULL,NULL,28,'Packed'),(29,'2023-11-01 00:08:35',17,NULL,NULL,29,'Packed'),(30,'2023-11-01 00:08:35',17,NULL,NULL,30,'Packed'),(31,'2023-11-01 00:08:35',17,NULL,NULL,31,'Packed'),(32,'2023-11-01 00:08:35',17,NULL,NULL,32,'Packed'),(33,'2023-11-01 00:08:35',17,NULL,NULL,33,'Packed'),(34,'2023-11-01 00:08:35',17,NULL,NULL,34,'Packed'),(35,'2023-11-01 00:08:35',17,NULL,NULL,35,'Packed'),(36,'2023-11-01 00:08:35',17,NULL,NULL,36,'Packed'),(37,'2023-11-01 00:08:35',17,NULL,NULL,37,'Packed'),(38,'2023-11-01 00:08:35',17,NULL,NULL,38,'Packed'),(39,'2023-11-01 00:08:35',17,NULL,NULL,39,'Packed'),(40,'2023-11-01 00:08:35',17,NULL,NULL,40,'Packed'),(41,'2023-11-01 00:08:35',17,NULL,NULL,41,'Packed'),(42,'2023-11-01 00:08:35',17,NULL,NULL,42,'Packed'),(43,'2023-11-01 00:08:35',17,NULL,NULL,43,'Packed'),(44,'2023-11-01 00:08:35',17,NULL,NULL,44,'Packed'),(45,'2023-11-01 00:08:35',17,NULL,NULL,45,'Packed'),(46,'2023-11-01 00:08:35',17,NULL,NULL,46,'Packed'),(47,'2023-11-01 00:08:35',17,NULL,NULL,47,'Packed'),(48,'2023-11-01 00:08:35',17,NULL,NULL,48,'Packed'),(49,'2023-11-01 00:08:35',17,NULL,NULL,49,'Packed'),(50,'2023-11-01 00:08:35',17,NULL,NULL,50,'Packed'),(51,'2023-11-01 00:08:35',17,NULL,NULL,51,'Packed'),(52,'2023-11-01 00:08:35',17,NULL,NULL,52,'Packed'),(53,'2023-11-01 00:08:35',17,NULL,NULL,53,'Packed'),(54,'2023-11-01 00:08:35',17,NULL,NULL,54,'Packed'),(55,'2023-11-01 00:08:35',17,NULL,NULL,55,'Packed'),(56,'2023-11-01 00:08:35',17,NULL,NULL,56,'Packed'),(57,'2023-11-01 00:08:35',17,NULL,NULL,57,'Packed'),(58,'2023-11-01 00:08:35',17,NULL,NULL,58,'Packed'),(59,'2023-11-01 00:08:35',17,NULL,NULL,59,'Packed'),(60,'2023-11-01 00:08:35',17,NULL,NULL,60,'Packed'),(61,'2023-11-01 00:08:35',17,NULL,NULL,61,'Packed'),(62,'2023-11-01 00:08:35',17,NULL,NULL,62,'Packed'),(63,'2023-11-01 00:08:35',17,NULL,NULL,63,'Packed'),(64,'2023-11-01 00:08:35',17,NULL,NULL,64,'Packed'),(65,'2023-11-01 00:08:35',17,NULL,NULL,65,'Packed'),(66,'2023-11-01 00:08:35',17,NULL,NULL,66,'Packed'),(67,'2023-11-01 00:08:35',17,NULL,NULL,67,'Packed'),(68,'2023-11-01 00:08:35',17,NULL,NULL,68,'Packed'),(69,'2023-11-01 00:08:35',17,NULL,NULL,69,'Packed'),(70,'2023-11-01 00:08:35',17,NULL,NULL,70,'Packed'),(71,'2023-11-01 00:08:35',17,NULL,NULL,71,'Packed'),(72,'2023-11-01 00:08:35',17,NULL,NULL,72,'Packed'),(73,'2023-11-01 00:08:35',17,NULL,NULL,73,'Packed'),(74,'2023-11-01 00:08:35',17,NULL,NULL,74,'Packed'),(75,'2023-11-01 00:08:35',17,NULL,NULL,75,'Packed'),(76,'2023-11-01 00:08:35',17,NULL,NULL,76,'Packed'),(77,'2023-11-01 00:08:35',17,NULL,NULL,77,'Packed'),(78,'2023-11-01 00:08:35',17,NULL,NULL,78,'Packed'),(79,'2023-11-01 00:08:35',17,NULL,NULL,79,'Packed'),(80,'2023-11-01 00:08:35',17,NULL,NULL,80,'Packed'),(81,'2023-11-01 00:08:35',17,NULL,NULL,81,'Packed'),(82,'2023-11-01 00:08:35',17,NULL,NULL,82,'Packed'),(83,'2023-11-01 00:08:35',17,NULL,NULL,83,'Packed'),(84,'2023-11-01 00:08:35',17,NULL,NULL,84,'Packed'),(85,'2023-11-01 00:08:35',17,NULL,NULL,85,'Packed'),(86,'2023-11-01 00:08:35',17,NULL,NULL,86,'Packed'),(87,'2023-11-01 00:08:35',17,NULL,NULL,87,'Packed'),(88,'2023-11-01 00:08:35',17,NULL,NULL,88,'Packed'),(89,'2023-11-01 00:08:35',17,NULL,NULL,89,'Packed'),(90,'2023-11-01 00:08:35',17,NULL,NULL,90,'Packed'),(91,'2023-11-01 00:08:35',17,NULL,NULL,91,'Packed'),(92,'2023-11-01 00:08:35',17,NULL,NULL,92,'Packed'),(93,'2023-11-01 00:08:35',17,NULL,NULL,93,'Packed'),(94,'2023-11-01 00:08:35',17,NULL,NULL,94,'Packed'),(95,'2023-11-01 00:08:35',17,NULL,NULL,95,'Packed'),(96,'2023-11-01 00:08:35',17,NULL,NULL,96,'Packed'),(97,'2023-11-01 00:08:35',17,NULL,NULL,97,'Packed'),(98,'2023-11-01 00:08:35',17,NULL,NULL,98,'Packed'),(99,'2023-11-01 00:08:35',17,NULL,NULL,99,'Packed'),(100,'2023-11-01 00:12:46',17,NULL,NULL,1,'Delivered');
/*!40000 ALTER TABLE `tb_order_status` ENABLE KEYS */;
UNLOCK TABLES;

--
-- Table structure for table `tb_user`
--

DROP TABLE IF EXISTS `tb_user`;
/*!40101 SET @saved_cs_client     = @@character_set_client */;
/*!40101 SET character_set_client = utf8 */;
CREATE TABLE `tb_user` (
  `tbu_id` int(11) NOT NULL AUTO_INCREMENT,
  `tbu_create_date` datetime DEFAULT NULL,
  `tbu_create_id` int(11) DEFAULT NULL,
  `tbu_update_date` datetime DEFAULT NULL,
  `tbu_update_id` int(11) DEFAULT NULL,
  `tbu_email` varchar(255) DEFAULT NULL,
  `tbu_password` varchar(32) DEFAULT NULL,
  `tbu_firstname` varchar(100) DEFAULT NULL,
  `tbu_lastname` varchar(100) DEFAULT NULL,
  `tbu_mobile_phone` varchar(100) DEFAULT NULL,
  `tbu_place_of_birth` varchar(100) DEFAULT NULL,
  `tbu_date_of_birth` datetime DEFAULT NULL,
  `tbu_status` varchar(20) DEFAULT NULL,
  `tbu_uid` varchar(100) DEFAULT NULL,
  `tbu_photo` varchar(1000) DEFAULT NULL,
  `tbu_token_salt` varchar(36) DEFAULT NULL,
  `tbu_role` varchar(255) DEFAULT NULL,
  PRIMARY KEY (`tbu_id`),
  UNIQUE KEY `tb_user_tbu_email_uindex` (`tbu_email`),
  UNIQUE KEY `tb_user_tbu_uid_uindex` (`tbu_uid`),
  KEY `tb_user_tbu_status_index` (`tbu_status`),
  KEY `tb_user_tbu_password_index` (`tbu_password`),
  KEY `tb_user_tbu_firstname_index` (`tbu_firstname`),
  KEY `tb_user_tbu_lastname_index` (`tbu_lastname`),
  KEY `tb_user_tbu_token_salt_index` (`tbu_token_salt`),
  KEY `tb_user_tbu_role_index` (`tbu_role`)
) ENGINE=InnoDB AUTO_INCREMENT=19 DEFAULT CHARSET=latin1 COLLATE=latin1_swedish_ci;
/*!40101 SET character_set_client = @saved_cs_client */;

--
-- Dumping data for table `tb_user`
--

LOCK TABLES `tb_user` WRITE;
/*!40000 ALTER TABLE `tb_user` DISABLE KEYS */;
INSERT INTO `tb_user` VALUES (1,NULL,NULL,'2023-10-30 14:58:12',1,'admin@mail.com','202cb962ac59075b964b07152d234b70','admin','admin',NULL,NULL,NULL,'active',NULL,NULL,'j2x9fzhzeoln4kgv9s30hnicya5du69zch6w','ADMIN'),(17,'2023-10-30 14:59:46',1,'2023-10-31 23:14:18',17,'picdki@mail.com','202cb962ac59075b964b07152d234b70','pic','dki',NULL,NULL,NULL,'active',NULL,NULL,'mdai8anacb0qrs7j0ee88ttxi9if70ngn7ik','DISTRIBUTOR'),(18,'2023-10-30 15:00:18',1,NULL,NULL,'picjabar@mail.com','202cb962ac59075b964b07152d234b70','pic','jabar',NULL,NULL,NULL,'active',NULL,NULL,'otcoiaut7kkn2r6hxukuj06915rrtz7ynra9','DISTRIBUTOR');
/*!40000 ALTER TABLE `tb_user` ENABLE KEYS */;
UNLOCK TABLES;

--
-- Table structure for table `tb_user_brand`
--

DROP TABLE IF EXISTS `tb_user_brand`;
/*!40101 SET @saved_cs_client     = @@character_set_client */;
/*!40101 SET character_set_client = utf8 */;
CREATE TABLE `tb_user_brand` (
  `tbub_id` int(11) NOT NULL AUTO_INCREMENT,
  `tbub_create_date` datetime DEFAULT NULL,
  `tbub_create_id` int(11) DEFAULT NULL,
  `tbub_update_date` datetime DEFAULT NULL,
  `tbub_update_id` int(11) DEFAULT NULL,
  `tbu_id` int(11) DEFAULT NULL,
  `tbb_brand` varchar(255) DEFAULT NULL,
  `tbb_brand_id` varchar(5) DEFAULT NULL,
  `tbb_brand_check` int(11) DEFAULT NULL,
  PRIMARY KEY (`tbub_id`),
  KEY `tb_user_brand_tbu_id_index` (`tbu_id`),
  KEY `tb_user_brand_tbb_brand_index` (`tbb_brand`),
  KEY `tb_user_brand_tbb_brand_id_index` (`tbb_brand_id`),
  KEY `tb_user_brand_tbb_brand_check_index` (`tbb_brand_check`)
) ENGINE=InnoDB AUTO_INCREMENT=48 DEFAULT CHARSET=utf8mb4 COLLATE=utf8mb4_general_ci;
/*!40101 SET character_set_client = @saved_cs_client */;

--
-- Dumping data for table `tb_user_brand`
--

LOCK TABLES `tb_user_brand` WRITE;
/*!40000 ALTER TABLE `tb_user_brand` DISABLE KEYS */;
INSERT INTO `tb_user_brand` VALUES (31,'2023-10-30 12:15:33',1,NULL,NULL,1,'Mamasuka','MAMAS',1),(42,'2023-10-30 15:00:18',1,NULL,NULL,18,'Mamasuka','MAMAS',1),(47,'2023-10-31 23:14:18',17,NULL,NULL,17,'Mamasuka','MAMAS',1);
/*!40000 ALTER TABLE `tb_user_brand` ENABLE KEYS */;
UNLOCK TABLES;

--
-- Table structure for table `tb_user_market`
--

DROP TABLE IF EXISTS `tb_user_market`;
/*!40101 SET @saved_cs_client     = @@character_set_client */;
/*!40101 SET character_set_client = utf8 */;
CREATE TABLE `tb_user_market` (
  `tbum_id` int(11) NOT NULL AUTO_INCREMENT,
  `tbum_create_date` datetime DEFAULT NULL,
  `tbum_create_id` int(11) DEFAULT NULL,
  `tbum_update_date` datetime DEFAULT NULL,
  `tbum_update_id` int(11) DEFAULT NULL,
  `tbu_id` int(11) DEFAULT NULL,
  `tbm_market_id` varchar(255) DEFAULT NULL,
  `tbm_market_check` int(11) DEFAULT NULL,
  PRIMARY KEY (`tbum_id`),
  KEY `tb_user_market_tbu_id_index` (`tbu_id`),
  KEY `tb_user_market_tbm_market_index` (`tbm_market_id`),
  KEY `tb_user_market_tbm_market_check_index` (`tbm_market_check`)
) ENGINE=InnoDB AUTO_INCREMENT=50 DEFAULT CHARSET=utf8mb4 COLLATE=utf8mb4_general_ci;
/*!40101 SET character_set_client = @saved_cs_client */;

--
-- Dumping data for table `tb_user_market`
--

LOCK TABLES `tb_user_market` WRITE;
/*!40000 ALTER TABLE `tb_user_market` DISABLE KEYS */;
INSERT INTO `tb_user_market` VALUES (8,'2023-10-30 15:00:18',1,NULL,NULL,18,'DIST_BALI',0),(9,'2023-10-30 15:00:18',1,NULL,NULL,18,'DIST_DKI',0),(10,'2023-10-30 15:00:18',1,NULL,NULL,18,'DIST_JABAR',1),(11,'2023-10-30 15:00:18',1,NULL,NULL,18,'DIST_JATENG',0),(12,'2023-10-30 15:00:18',1,NULL,NULL,18,'DIST_JATIM',0),(13,'2023-10-30 15:00:18',1,NULL,NULL,18,'DIST_KALIMANTAN',0),(14,'2023-10-30 15:00:18',1,NULL,NULL,18,'DIST_NUSA',0),(43,'2023-10-31 23:14:18',17,NULL,NULL,17,'DIST_BALI',0),(44,'2023-10-31 23:14:18',17,NULL,NULL,17,'DIST_DKI',1),(45,'2023-10-31 23:14:18',17,NULL,NULL,17,'DIST_JABAR',1),(46,'2023-10-31 23:14:18',17,NULL,NULL,17,'DIST_JATENG',0),(47,'2023-10-31 23:14:18',17,NULL,NULL,17,'DIST_JATIM',0),(48,'2023-10-31 23:14:18',17,NULL,NULL,17,'DIST_KALIMANTAN',0),(49,'2023-10-31 23:14:18',17,NULL,NULL,17,'DIST_NUSA',0);
/*!40000 ALTER TABLE `tb_user_market` ENABLE KEYS */;
UNLOCK TABLES;

--
-- Temporary table structure for view `view_order_confirm`
--

DROP TABLE IF EXISTS `view_order_confirm`;
/*!50001 DROP VIEW IF EXISTS `view_order_confirm`*/;
SET @saved_cs_client     = @@character_set_client;
SET character_set_client = utf8;
/*!50001 CREATE VIEW `view_order_confirm` AS SELECT
 1 AS `uuid`,
  1 AS `create_date`,
  1 AS `tbo_id`,
  1 AS `awb`,
  1 AS `packing_pic`,
  1 AS `order_no`,
  1 AS `sku`,
  1 AS `code`,
  1 AS `item`,
  1 AS `status`,
  1 AS `order_qty`,
  1 AS `pack_qty`,
  1 AS `brand`,
  1 AS `market_id`,
  1 AS `frontliner`,
  1 AS `type`,
  1 AS `type_not_packed`,
  1 AS `tbu_id` */;
SET character_set_client = @saved_cs_client;

--
-- Temporary table structure for view `view_order_pack`
--

DROP TABLE IF EXISTS `view_order_pack`;
/*!50001 DROP VIEW IF EXISTS `view_order_pack`*/;
SET @saved_cs_client     = @@character_set_client;
SET character_set_client = utf8;
/*!50001 CREATE VIEW `view_order_pack` AS SELECT
 1 AS `uuid`,
  1 AS `tbo_awb`,
  1 AS `tbo_qc_id`,
  1 AS `tbo_brand`,
  1 AS `tbo_market_id`,
  1 AS `tbo_frontliner`,
  1 AS `tbo_order_no`,
  1 AS `tbo_name`,
  1 AS `tbu_id` */;
SET character_set_client = @saved_cs_client;

--
-- Final view structure for view `view_order_confirm`
--

/*!50001 DROP VIEW IF EXISTS `view_order_confirm`*/;
/*!50001 SET @saved_cs_client          = @@character_set_client */;
/*!50001 SET @saved_cs_results         = @@character_set_results */;
/*!50001 SET @saved_col_connection     = @@collation_connection */;
/*!50001 SET character_set_client      = utf8mb4 */;
/*!50001 SET character_set_results     = utf8mb4 */;
/*!50001 SET collation_connection      = utf8mb4_general_ci */;
/*!50001 CREATE ALGORITHM=UNDEFINED */
/*!50013 DEFINER=`root`@`localhost` SQL SECURITY DEFINER */
/*!50001 VIEW `view_order_confirm` AS select uuid() AS `uuid`,`tttt1`.`create_date` AS `create_date`,`tttt1`.`tbo_id` AS `tbo_id`,`tttt1`.`awb` AS `awb`,`tttt1`.`packing_pic` AS `packing_pic`,`tttt1`.`order_no` AS `order_no`,`tttt1`.`sku` AS `sku`,`tttt1`.`code` AS `code`,`tttt1`.`item` AS `item`,`tttt1`.`status` AS `status`,`tttt1`.`order_qty` AS `order_qty`,`tttt1`.`pack_qty` AS `pack_qty`,`tttt1`.`brand` AS `brand`,`tttt1`.`market_id` AS `market_id`,`tttt1`.`frontliner` AS `frontliner`,`tttt1`.`type` AS `type`,`tttt1`.`type_not_packed` AS `type_not_packed`,`tttt2`.`tbu_id` AS `tbu_id` from ((select `ttt1`.`create_date` AS `create_date`,`ttt1`.`tbo_id` AS `tbo_id`,`ttt1`.`awb` AS `awb`,`ttt1`.`packing_pic` AS `packing_pic`,`ttt1`.`order_no` AS `order_no`,`ttt1`.`sku` AS `sku`,`ttt1`.`code` AS `code`,`ttt1`.`item` AS `item`,`ttt1`.`status` AS `status`,`ttt1`.`order_qty` AS `order_qty`,`ttt1`.`pack_qty` AS `pack_qty`,`ttt1`.`brand` AS `brand`,`ttt1`.`market_id` AS `market_id`,`ttt1`.`frontliner` AS `frontliner`,`ttt1`.`type` AS `type`,`ttt1`.`type_not_packed` AS `type_not_packed` from (select `tt1`.`create_date` AS `create_date`,`tt1`.`tbo_id` AS `tbo_id`,`tt1`.`awb` AS `awb`,`tt1`.`packing_pic` AS `packing_pic`,`tt1`.`order_no` AS `order_no`,`tt1`.`sku` AS `sku`,`tt1`.`code` AS `code`,`tt1`.`item` AS `item`,`tt1`.`status` AS `status`,`tt1`.`order_qty` AS `order_qty`,`tt1`.`pack_qty` AS `pack_qty`,`tt1`.`brand` AS `brand`,`tt1`.`market_id` AS `market_id`,`tt1`.`frontliner` AS `frontliner`,`tt1`.`type` AS `type`,`tt1`.`type_not_packed` AS `type_not_packed` from (select `t1`.`tbo_create_date` AS `create_date`,`t1`.`tbo_id` AS `tbo_id`,`t1`.`tbo_awb` AS `awb`,NULL AS `packing_pic`,`t1`.`tbo_order_no` AS `order_no`,`t1`.`tbo_sku` AS `sku`,`t1`.`tbo_code` AS `code`,`t2`.`tbopd_sku` AS `t2_sku`,`t1`.`tbo_item` AS `item`,`t1`.`tbo_status` AS `status`,`t1`.`tbo_qty` AS `order_qty`,0 AS `pack_qty`,`t1`.`tbo_brand` AS `brand`,`t1`.`tbo_market_id` AS `market_id`,`t1`.`tbo_frontliner` AS `frontliner`,`t1`.`tbo_type` AS `type`,`t1`.`tbo_type_not_packed` AS `type_not_packed` from (`tb_order` `t1` left join `tb_order_pack_detail` `t2` on(`t2`.`tbopd_order_no` = `t1`.`tbo_order_no` and `t2`.`tbopd_sku` = `t1`.`tbo_sku`))) `tt1` where `tt1`.`t2_sku` is null group by `tt1`.`create_date`,`tt1`.`awb`,`tt1`.`packing_pic`,`tt1`.`order_no`,`tt1`.`sku`,`tt1`.`item`,`tt1`.`status`,`tt1`.`order_qty`,`tt1`.`pack_qty`,`tt1`.`brand`,`tt1`.`market_id`,`tt1`.`frontliner`,`tt1`.`type`,`tt1`.`type_not_packed` union select `tt2`.`create_date` AS `create_date`,`tt2`.`tbo_id` AS `tbo_id`,`tt2`.`awb` AS `awb`,`tt2`.`packing_pic` AS `packing_pic`,`tt2`.`order_no` AS `order_no`,`tt2`.`sku` AS `sku`,`tt2`.`code` AS `code`,`tt2`.`item` AS `item`,`tt2`.`status` AS `status`,`tt2`.`order_qty` AS `order_qty`,`tt2`.`pack_qty` AS `pack_qty`,`tt2`.`brand` AS `brand`,`tt2`.`market_id` AS `market_id`,`tt2`.`frontliner` AS `frontliner`,`tt2`.`type` AS `type`,`tt2`.`type_not_packed` AS `type_not_packed` from (select `t1`.`tbop_create_date` AS `create_date`,`t4`.`tbo_id` AS `tbo_id`,`t1`.`tbop_awb` AS `awb`,`t3`.`tbu_email` AS `packing_pic`,`t2`.`tbopd_order_no` AS `order_no`,`t2`.`tbopd_sku` AS `sku`,`t2`.`tbopd_code` AS `code`,`t2`.`tbopd_item` AS `item`,`t2`.`tbopd_status` AS `status`,coalesce(`t4`.`tbo_qty`,0) AS `order_qty`,coalesce(`t2`.`tbopd_qty_pack`,0) AS `pack_qty`,`t1`.`tbop_brand` AS `brand`,`t1`.`tbop_market_id` AS `market_id`,`t1`.`tbop_frontliner` AS `frontliner`,`t1`.`tbop_type` AS `type`,`t2`.`tbopd_type_not_packed` AS `type_not_packed` from (((`tb_order_pack` `t1` join `tb_order_pack_detail` `t2` on(`t2`.`tbopd_order_no` = `t1`.`tbop_order_no`)) join `tb_user` `t3` on(`t3`.`tbu_id` = `t2`.`tbopd_create_id`)) left join `tb_order` `t4` on(`t4`.`tbo_order_no` = `t2`.`tbopd_order_no` and `t4`.`tbo_sku` = `t2`.`tbopd_sku`))) `tt2` group by `tt2`.`create_date`,`tt2`.`awb`,`tt2`.`packing_pic`,`tt2`.`order_no`,`tt2`.`sku`,`tt2`.`item`,`tt2`.`status`,`tt2`.`order_qty`,`tt2`.`pack_qty`,`tt2`.`brand`,`tt2`.`market_id`,`tt2`.`frontliner`,`tt2`.`type`,`tt2`.`type_not_packed`) `ttt1`) `tttt1` join `tb_user_brand` `tttt2` on(`tttt2`.`tbb_brand` = `tttt1`.`brand` and `tttt2`.`tbb_brand_check` = 1)) */;
/*!50001 SET character_set_client      = @saved_cs_client */;
/*!50001 SET character_set_results     = @saved_cs_results */;
/*!50001 SET collation_connection      = @saved_col_connection */;

--
-- Final view structure for view `view_order_pack`
--

/*!50001 DROP VIEW IF EXISTS `view_order_pack`*/;
/*!50001 SET @saved_cs_client          = @@character_set_client */;
/*!50001 SET @saved_cs_results         = @@character_set_results */;
/*!50001 SET @saved_col_connection     = @@collation_connection */;
/*!50001 SET character_set_client      = utf8mb4 */;
/*!50001 SET character_set_results     = utf8mb4 */;
/*!50001 SET collation_connection      = utf8mb4_general_ci */;
/*!50001 CREATE ALGORITHM=UNDEFINED */
/*!50013 DEFINER=`root`@`localhost` SQL SECURITY DEFINER */
/*!50001 VIEW `view_order_pack` AS select uuid() AS `uuid`,`tbo`.`tbo_awb` AS `tbo_awb`,`tbo`.`tbo_qc_id` AS `tbo_qc_id`,`tbo`.`tbo_brand` AS `tbo_brand`,`tbo`.`tbo_market_id` AS `tbo_market_id`,`tbo`.`tbo_frontliner` AS `tbo_frontliner`,`tbo`.`tbo_order_no` AS `tbo_order_no`,`tbo`.`tbo_name` AS `tbo_name`,`tbm`.`tbu_id` AS `tbu_id` from (`tb_order` `tbo` join `tb_user_market` `tbm` on(`tbm`.`tbm_market_id` = `tbo`.`tbo_market_id` and `tbm`.`tbm_market_check` = 1)) where `tbo`.`tbo_brand`  not like '%_EOD' group by `tbo`.`tbo_awb`,`tbo`.`tbo_qc_id`,`tbo`.`tbo_brand`,`tbo`.`tbo_market_id`,`tbo`.`tbo_frontliner`,`tbo`.`tbo_order_no`,`tbo`.`tbo_name`,`tbm`.`tbu_id` */;
/*!50001 SET character_set_client      = @saved_cs_client */;
/*!50001 SET character_set_results     = @saved_cs_results */;
/*!50001 SET collation_connection      = @saved_col_connection */;
/*!40103 SET TIME_ZONE=@OLD_TIME_ZONE */;

/*!40101 SET SQL_MODE=@OLD_SQL_MODE */;
/*!40014 SET FOREIGN_KEY_CHECKS=@OLD_FOREIGN_KEY_CHECKS */;
/*!40014 SET UNIQUE_CHECKS=@OLD_UNIQUE_CHECKS */;
/*!40101 SET CHARACTER_SET_CLIENT=@OLD_CHARACTER_SET_CLIENT */;
/*!40101 SET CHARACTER_SET_RESULTS=@OLD_CHARACTER_SET_RESULTS */;
/*!40101 SET COLLATION_CONNECTION=@OLD_COLLATION_CONNECTION */;
/*!40111 SET SQL_NOTES=@OLD_SQL_NOTES */;

-- Dump completed on 2023-11-01  7:50:51
