-- MariaDB dump 10.19  Distrib 10.4.27-MariaDB, for Win64 (AMD64)
--
-- Host: localhost    Database: bsd_api_dms_member
-- ------------------------------------------------------
-- Server version	10.4.27-MariaDB

/*!40101 SET @OLD_CHARACTER_SET_CLIENT=@@CHARACTER_SET_CLIENT */;
/*!40101 SET @OLD_CHARACTER_SET_RESULTS=@@CHARACTER_SET_RESULTS */;
/*!40101 SET @OLD_COLLATION_CONNECTION=@@COLLATION_CONNECTION */;
/*!40101 SET NAMES utf8mb4 */;
/*!40103 SET @OLD_TIME_ZONE=@@TIME_ZONE */;
/*!40103 SET TIME_ZONE='+00:00' */;
/*!40014 SET @OLD_UNIQUE_CHECKS=@@UNIQUE_CHECKS, UNIQUE_CHECKS=0 */;
/*!40014 SET @OLD_FOREIGN_KEY_CHECKS=@@FOREIGN_KEY_CHECKS, FOREIGN_KEY_CHECKS=0 */;
/*!40101 SET @OLD_SQL_MODE=@@SQL_MODE, SQL_MODE='NO_AUTO_VALUE_ON_ZERO' */;
/*!40111 SET @OLD_SQL_NOTES=@@SQL_NOTES, SQL_NOTES=0 */;

--
-- Table structure for table `tb_brand`
--

DROP TABLE IF EXISTS `tb_brand`;
/*!40101 SET @saved_cs_client     = @@character_set_client */;
/*!40101 SET character_set_client = utf8 */;
CREATE TABLE `tb_brand` (
  `tbb_id` int(11) NOT NULL AUTO_INCREMENT,
  `tbb_create_date` datetime DEFAULT NULL,
  `tbb_create_id` int(11) DEFAULT NULL,
  `tbb_update_date` datetime DEFAULT NULL,
  `tbb_update_id` int(11) DEFAULT NULL,
  `tbb_brand_id` varchar(5) DEFAULT NULL,
  `tbb_brand` varchar(255) DEFAULT NULL,
  PRIMARY KEY (`tbb_id`),
  KEY `tb_brand_tbb_brand_id_index` (`tbb_brand_id`) USING BTREE,
  KEY `tb_brand_tbb_brand_index` (`tbb_brand`) USING BTREE
) ENGINE=InnoDB AUTO_INCREMENT=4 DEFAULT CHARSET=utf8mb4 COLLATE=utf8mb4_general_ci;
/*!40101 SET character_set_client = @saved_cs_client */;

--
-- Dumping data for table `tb_brand`
--

LOCK TABLES `tb_brand` WRITE;
/*!40000 ALTER TABLE `tb_brand` DISABLE KEYS */;
INSERT INTO `tb_brand` VALUES (2,'2023-11-21 11:23:30',19,NULL,NULL,'AICEA','Aice'),(3,'2023-12-05 03:23:44',1,NULL,NULL,'MAMAS','Mamasuka');
/*!40000 ALTER TABLE `tb_brand` ENABLE KEYS */;
UNLOCK TABLES;

--
-- Table structure for table `tb_menu`
--

DROP TABLE IF EXISTS `tb_menu`;
/*!40101 SET @saved_cs_client     = @@character_set_client */;
/*!40101 SET character_set_client = utf8 */;
CREATE TABLE `tb_menu` (
  `tbm_id` int(11) NOT NULL AUTO_INCREMENT,
  `tbm_create_date` datetime DEFAULT NULL,
  `tbm_create_id` int(11) DEFAULT NULL,
  `tbm_update_date` datetime DEFAULT NULL,
  `tbm_update_id` int(11) DEFAULT NULL,
  `tbm_name` varchar(255) DEFAULT NULL,
  `tbm_sort` int(11) DEFAULT NULL,
  PRIMARY KEY (`tbm_id`)
) ENGINE=InnoDB AUTO_INCREMENT=10 DEFAULT CHARSET=utf8mb4 COLLATE=utf8mb4_general_ci;
/*!40101 SET character_set_client = @saved_cs_client */;

--
-- Dumping data for table `tb_menu`
--

LOCK TABLES `tb_menu` WRITE;
/*!40000 ALTER TABLE `tb_menu` DISABLE KEYS */;
INSERT INTO `tb_menu` VALUES (1,'2021-07-31 15:26:21',0,NULL,NULL,'Product',2),(2,'2021-07-31 15:26:21',0,NULL,NULL,'Order',4),(3,'2021-07-31 15:26:21',0,NULL,NULL,'Packing',5),(4,'2021-07-31 15:26:21',0,NULL,NULL,'Confirm',6),(5,'2021-07-31 15:26:21',0,NULL,NULL,'Report',7),(6,'2021-07-31 15:26:21',0,NULL,NULL,'User',9),(7,'2021-07-31 15:26:21',0,NULL,NULL,'Market',8),(8,'2021-07-31 15:26:21',0,NULL,NULL,'Dashboard',1),(9,'2021-07-31 15:26:21',0,NULL,NULL,'Gwp',3);
/*!40000 ALTER TABLE `tb_menu` ENABLE KEYS */;
UNLOCK TABLES;

--
-- Table structure for table `tb_user`
--

DROP TABLE IF EXISTS `tb_user`;
/*!40101 SET @saved_cs_client     = @@character_set_client */;
/*!40101 SET character_set_client = utf8 */;
CREATE TABLE `tb_user` (
  `tbu_id` int(11) NOT NULL AUTO_INCREMENT,
  `tbu_create_date` datetime DEFAULT NULL,
  `tbu_create_id` int(11) DEFAULT NULL,
  `tbu_update_date` datetime DEFAULT NULL,
  `tbu_update_id` int(11) DEFAULT NULL,
  `tbu_email` varchar(255) DEFAULT NULL,
  `tbu_password` varchar(32) DEFAULT NULL,
  `tbu_firstname` varchar(100) DEFAULT NULL,
  `tbu_lastname` varchar(100) DEFAULT NULL,
  `tbu_mobile_phone` varchar(100) DEFAULT NULL,
  `tbu_place_of_birth` varchar(100) DEFAULT NULL,
  `tbu_date_of_birth` datetime DEFAULT NULL,
  `tbu_status` varchar(20) DEFAULT NULL,
  `tbu_uid` varchar(100) DEFAULT NULL,
  `tbu_photo` varchar(1000) DEFAULT NULL,
  `tbu_token_salt` varchar(36) DEFAULT NULL,
  `tbu_role` varchar(255) DEFAULT NULL,
  PRIMARY KEY (`tbu_id`),
  UNIQUE KEY `tb_user_tbu_email_uindex` (`tbu_email`),
  UNIQUE KEY `tb_user_tbu_uid_uindex` (`tbu_uid`),
  KEY `tb_user_tbu_status_index` (`tbu_status`),
  KEY `tb_user_tbu_password_index` (`tbu_password`),
  KEY `tb_user_tbu_firstname_index` (`tbu_firstname`),
  KEY `tb_user_tbu_lastname_index` (`tbu_lastname`),
  KEY `tb_user_tbu_token_salt_index` (`tbu_token_salt`),
  KEY `tb_user_tbu_role_index` (`tbu_role`)
) ENGINE=InnoDB AUTO_INCREMENT=179 DEFAULT CHARSET=utf8mb4 COLLATE=utf8mb4_general_ci;
/*!40101 SET character_set_client = @saved_cs_client */;

--
-- Dumping data for table `tb_user`
--

LOCK TABLES `tb_user` WRITE;
/*!40000 ALTER TABLE `tb_user` DISABLE KEYS */;
INSERT INTO `tb_user` VALUES (1,NULL,NULL,'2023-12-17 15:44:29',1,'admin@mail.com','202cb962ac59075b964b07152d234b70','admin','admin',NULL,NULL,NULL,'active',NULL,NULL,'92cmqemklu0wcvhqp10in2afx5m20f1xd8do','ADMIN'),(176,'2023-12-17 15:37:52',1,'2023-12-17 15:45:04',176,'aicepusat@mail.com','202cb962ac59075b964b07152d234b70','aice','pusat',NULL,NULL,NULL,'active',NULL,NULL,'r3y9hzt0ob1fcbvlseygezybn2wza7ux1avm','PRINCIPAL'),(177,'2023-12-17 15:38:57',1,'2023-12-17 15:45:01',177,'user1@mail.com','202cb962ac59075b964b07152d234b70','user','satu',NULL,NULL,NULL,'active',NULL,NULL,'mu0kjwmw76k8541ddtksxz2g38ov2ekml4n9','DISTRIBUTOR'),(178,'2023-12-17 15:39:24',1,'2023-12-17 15:44:55',1,'user2@mail.com','202cb962ac59075b964b07152d234b70','user','dua',NULL,NULL,NULL,'active',NULL,NULL,'2pp0zwztmom6tt18mbpm2fg0ib7qi4sl41jl','DISTRIBUTOR');
/*!40000 ALTER TABLE `tb_user` ENABLE KEYS */;
UNLOCK TABLES;

--
-- Table structure for table `tb_user_brand`
--

DROP TABLE IF EXISTS `tb_user_brand`;
/*!40101 SET @saved_cs_client     = @@character_set_client */;
/*!40101 SET character_set_client = utf8 */;
CREATE TABLE `tb_user_brand` (
  `tbub_id` int(11) NOT NULL AUTO_INCREMENT,
  `tbub_create_date` datetime DEFAULT NULL,
  `tbub_create_id` int(11) DEFAULT NULL,
  `tbub_update_date` datetime DEFAULT NULL,
  `tbub_update_id` int(11) DEFAULT NULL,
  `tbu_id` int(11) DEFAULT NULL,
  `tbb_brand` varchar(255) DEFAULT NULL,
  `tbb_brand_id` varchar(5) DEFAULT NULL,
  `tbb_brand_check` int(11) DEFAULT NULL,
  PRIMARY KEY (`tbub_id`),
  KEY `tb_user_brand_tbu_id_index` (`tbu_id`),
  KEY `tb_user_brand_tbb_brand_index` (`tbb_brand`),
  KEY `tb_user_brand_tbb_brand_id_index` (`tbb_brand_id`),
  KEY `tb_user_brand_tbb_brand_check_index` (`tbb_brand_check`)
) ENGINE=InnoDB AUTO_INCREMENT=7 DEFAULT CHARSET=utf8mb4 COLLATE=utf8mb4_general_ci;
/*!40101 SET character_set_client = @saved_cs_client */;

--
-- Dumping data for table `tb_user_brand`
--

LOCK TABLES `tb_user_brand` WRITE;
/*!40000 ALTER TABLE `tb_user_brand` DISABLE KEYS */;
INSERT INTO `tb_user_brand` VALUES (1,'2023-12-17 15:38:03',170,NULL,NULL,1,'Aice','AICEA',1),(2,'2023-12-17 15:38:03',170,NULL,NULL,170,'Aice','AICEA',1),(5,'2023-12-17 15:44:47',1,NULL,NULL,177,'Aice','AICEA',1),(6,'2023-12-17 15:44:56',1,NULL,NULL,178,'Aice','AICEA',1);
/*!40000 ALTER TABLE `tb_user_brand` ENABLE KEYS */;
UNLOCK TABLES;

--
-- Table structure for table `tb_user_market`
--

DROP TABLE IF EXISTS `tb_user_market`;
/*!40101 SET @saved_cs_client     = @@character_set_client */;
/*!40101 SET character_set_client = utf8 */;
CREATE TABLE `tb_user_market` (
  `tbum_id` int(11) NOT NULL AUTO_INCREMENT,
  `tbum_create_date` datetime DEFAULT NULL,
  `tbum_create_id` int(11) DEFAULT NULL,
  `tbum_update_date` datetime DEFAULT NULL,
  `tbum_update_id` int(11) DEFAULT NULL,
  `tbu_id` int(11) DEFAULT NULL,
  `tbm_market_id` varchar(255) DEFAULT NULL,
  `tbm_market_check` int(11) DEFAULT NULL,
  PRIMARY KEY (`tbum_id`),
  KEY `tb_user_market_tbu_id_index` (`tbu_id`),
  KEY `tb_user_market_tbm_market_index` (`tbm_market_id`),
  KEY `tb_user_market_tbm_market_check_index` (`tbm_market_check`)
) ENGINE=InnoDB AUTO_INCREMENT=562 DEFAULT CHARSET=utf8mb4 COLLATE=utf8mb4_general_ci;
/*!40101 SET character_set_client = @saved_cs_client */;

--
-- Dumping data for table `tb_user_market`
--

LOCK TABLES `tb_user_market` WRITE;
/*!40000 ALTER TABLE `tb_user_market` DISABLE KEYS */;
INSERT INTO `tb_user_market` VALUES (1,'2023-12-17 15:37:52',1,NULL,NULL,176,'AICE PUSAT',1),(2,'2023-12-17 15:37:52',1,NULL,NULL,176,'CV. BINTANG KARYA ABADI - Pangkalan Bun',1),(3,'2023-12-17 15:37:52',1,NULL,NULL,176,'CV. Bintang Prima Sejati - Palangka Raya',1),(4,'2023-12-17 15:37:52',1,NULL,NULL,176,'CV. BLUE SKY SUCCES - Padang Bukit Tinggi',1),(5,'2023-12-17 15:37:52',1,NULL,NULL,176,'CV. CITRA MANDIRI - Palu',1),(6,'2023-12-17 15:37:52',1,NULL,NULL,176,'CV. GLOBAL SUKSES BERSAMA',1),(7,'2023-12-17 15:37:52',1,NULL,NULL,176,'CV. INDO JAYA MERDEKA - Dumai',1),(8,'2023-12-17 15:37:52',1,NULL,NULL,176,'CV. Intan Aice Food',1),(9,'2023-12-17 15:37:52',1,NULL,NULL,176,'CV. MAKMUR JAYA UNGGUL - Luwuk',1),(10,'2023-12-17 15:37:52',1,NULL,NULL,176,'CV. MEKAR LESTARI - Tembilahan',1),(11,'2023-12-17 15:37:52',1,NULL,NULL,176,'CV. MULTIRASA PRIMA - Lampung',1),(12,'2023-12-17 15:37:52',1,NULL,NULL,176,'CV. Prima Pelangi Rasa',1),(13,'2023-12-17 15:37:52',1,NULL,NULL,176,'PT. ABADI ICE CREAM MULTIRASA INDONESIA - Pekanbaru',1),(14,'2023-12-17 15:37:52',1,NULL,NULL,176,'PT. AKIRA KANAIK INDAH - Ciputat',1),(15,'2023-12-17 15:37:52',1,NULL,NULL,176,'PT. ALL DAY ICY - Klaten',1),(16,'2023-12-17 15:37:52',1,NULL,NULL,176,'PT. AMRATYA SAMUDERA PERKASA - Sorong',1),(17,'2023-12-17 15:37:52',1,NULL,NULL,176,'PT. ANEKA KARYA PRATAMA - Gorontalo',1),(18,'2023-12-17 15:37:52',1,NULL,NULL,176,'PT. ARATA JAYA MANDIRI - Buah Batu',1),(19,'2023-12-17 15:37:52',1,NULL,NULL,176,'PT. ARAZAAK MEGAH BERKAH - Jambi Modern Market',1),(20,'2023-12-17 15:37:52',1,NULL,NULL,176,'PT. ARTA BATAM CENDANA - Batam',1),(21,'2023-12-17 15:37:52',1,NULL,NULL,176,'PT. ARTA MILI AGUNG - Salatiga',1),(22,'2023-12-17 15:37:52',1,NULL,NULL,176,'PT. ARTHA MANDIRI GEMERLAP - Bekasi Modern Market',1),(23,'2023-12-17 15:37:52',1,NULL,NULL,176,'PT. ASCARYA SINAR KATULISTIWA - Tarakan',1),(24,'2023-12-17 15:37:52',1,NULL,NULL,176,'PT. ASIA NEW WORLD BUSINESS - Kediri',1),(25,'2023-12-17 15:37:52',1,NULL,NULL,176,'PT. BANJAR UTAMA ICECREAM - Banjarmasin',1),(26,'2023-12-17 15:37:52',1,NULL,NULL,176,'PT. BANYUWANGI ROYAL FOOD - Banyuwangi',1),(27,'2023-12-17 15:37:52',1,NULL,NULL,176,'PT. BING HAI INTERNATIONAL - Mojokerto',1),(28,'2023-12-17 15:37:52',1,NULL,NULL,176,'PT. BING XUEREN INTERNATIONAL - Gresik',1),(29,'2023-12-17 15:37:52',1,NULL,NULL,176,'PT. BIRU PERMATA NUSANTARA JAYA - Bengkulu',1),(30,'2023-12-17 15:37:52',1,NULL,NULL,176,'PT. BROTHER SAMUDRA SEJAHTERA - Purworejo',1),(31,'2023-12-17 15:37:52',1,NULL,NULL,176,'PT. CAHAYA BOGA DAIRYNDO - Bogor Modern Market',1),(32,'2023-12-17 15:37:52',1,NULL,NULL,176,'PT. CAKRAWALA SAMUDRA BIRU - Ternate',1),(33,'2023-12-17 15:37:52',1,NULL,NULL,176,'PT. CAPUNG MERAH NIAGA - Manado',1),(34,'2023-12-17 15:37:52',1,NULL,NULL,176,'PT. COOLING SHARE TRADING - Wonosobo',1),(35,'2023-12-17 15:37:52',1,NULL,NULL,176,'PT. DINGXIN BOGA INDONESIA - Tegal',1),(36,'2023-12-17 15:37:52',1,NULL,NULL,176,'PT. DONG FANG ZHI YIN - Pasuruan',1),(37,'2023-12-17 15:37:52',1,NULL,NULL,176,'PT. DOREMI ICE INDONESIA - Aceh',1),(38,'2023-12-17 15:37:52',1,NULL,NULL,176,'PT. FENGSHENG JAYA INDONESIA - Magelang',1),(39,'2023-12-17 15:37:52',1,NULL,NULL,176,'PT. FOUR CONTINENTAL TRADING - Jember',1),(40,'2023-12-17 15:37:52',1,NULL,NULL,176,'PT. GAYARI GLOBAL PERSADA - Medan MM',1),(41,'2023-12-17 15:37:52',1,NULL,NULL,176,'PT. GESNOW PENDO FOOD - Blitar',1),(42,'2023-12-17 15:37:52',1,NULL,NULL,176,'PT. GLOBAL ASIA HOME WORLD - Jombang',1),(43,'2023-12-17 15:37:52',1,NULL,NULL,176,'PT. GOLDEN ICE COOL - Probolinggo',1),(44,'2023-12-17 15:37:52',1,NULL,NULL,176,'PT. GOLDEN ICE COOL - Probolinggo 2',1),(45,'2023-12-17 15:37:52',1,NULL,NULL,176,'PT. GOLDEN SHIGOO FOODS - Subang',1),(46,'2023-12-17 15:37:52',1,NULL,NULL,176,'PT. GOOD AND NICE - Ujung Menteng',1),(47,'2023-12-17 15:37:52',1,NULL,NULL,176,'PT. HAO REN FOOD - Parigi',1),(48,'2023-12-17 15:37:52',1,NULL,NULL,176,'PT. HAPPY ICE CREAM - Ciamis',1),(49,'2023-12-17 15:37:52',1,NULL,NULL,176,'PT. HARAPAN EMAS NUSANTARA - Yogyakarta',1),(50,'2023-12-17 15:37:52',1,NULL,NULL,176,'PT. HASANAH MEGA CIPTA INDONESIA - Gowa',1),(51,'2023-12-17 15:37:52',1,NULL,NULL,176,'PT. HAVE VISION LIFE - Rantau Prapat',1),(52,'2023-12-17 15:37:52',1,NULL,NULL,176,'PT. HEALTHY AND DELICIOUS FOODS - Pamekasan',1),(53,'2023-12-17 15:37:52',1,NULL,NULL,176,'PT. HUA TONG ICE INDONESIA - Cilacap',1),(54,'2023-12-17 15:37:52',1,NULL,NULL,176,'PT. HUANG CHANG CHUN - Pematang Siantar',1),(55,'2023-12-17 15:37:52',1,NULL,NULL,176,'PT. HUI TONG GUO JII - Tulung Agung',1),(56,'2023-12-17 15:37:52',1,NULL,NULL,176,'PT. ICE CREAM NUSANTARA - Jaya Pura',1),(57,'2023-12-17 15:37:52',1,NULL,NULL,176,'PT. ICE CREAM YOULIKE - Daan Mogot',1),(58,'2023-12-17 15:37:52',1,NULL,NULL,176,'PT. ICE DREAMER ASIA - Lamongan',1),(59,'2023-12-17 15:37:52',1,NULL,NULL,176,'PT. ICE MAJU BERSAMA - Kupang',1),(60,'2023-12-17 15:37:52',1,NULL,NULL,176,'PT. INDAH GIAT BERSAMA - Ende',1),(61,'2023-12-17 15:37:52',1,NULL,NULL,176,'PT. INDO BALI SAMUDERA - Singaraja',1),(62,'2023-12-17 15:37:52',1,NULL,NULL,176,'PT. INDO MAI GOO - Malang',1),(63,'2023-12-17 15:37:52',1,NULL,NULL,176,'PT. INDO MUTIARA GEMILANG - Kudus',1),(64,'2023-12-17 15:37:52',1,NULL,NULL,176,'PT. JANUS GLOBAL TRADE - watampone',1),(65,'2023-12-17 15:37:52',1,NULL,NULL,176,'PT. JAYA ICE FOOD - Purwokerto',1),(66,'2023-12-17 15:37:52',1,NULL,NULL,176,'PT. JUMA TIGA SEANTERO - Kabanjahe',1),(67,'2023-12-17 15:37:52',1,NULL,NULL,176,'PT. JWL NIAGA INTERNATIONAL - Cikupa Tangerang',1),(68,'2023-12-17 15:37:52',1,NULL,NULL,176,'PT. KAPUAS INTAN TRASERNA FOOD - Singkawang',1),(69,'2023-12-17 15:37:52',1,NULL,NULL,176,'PT. KERAJAAN ICE INDONESIA - Pati',1),(70,'2023-12-17 15:37:52',1,NULL,NULL,176,'PT. KORINDO SUKSES ABADI - Surabaya',1),(71,'2023-12-17 15:37:52',1,NULL,NULL,176,'PT. KOTARAJA TANOH PUSAKA - Aceh Barat',1),(72,'2023-12-17 15:37:52',1,NULL,NULL,176,'PT. LIEN MAOYI INDONESIA - Purwakarta',1),(73,'2023-12-17 15:37:52',1,NULL,NULL,176,'PT. LIFA JAYA FOOD - Singkawang',1),(74,'2023-12-17 15:37:52',1,NULL,NULL,176,'PT. LISHENG TRADING INTERNATIONAL - Bojonegoro',1),(75,'2023-12-17 15:37:52',1,NULL,NULL,176,'PT. LOMBOK MULIA TERANG - Mataram',1),(76,'2023-12-17 15:37:52',1,NULL,NULL,176,'PT. LONG ICE SUCCESS INDONESIA - Grobongan',1),(77,'2023-12-17 15:37:52',1,NULL,NULL,176,'PT. MAKMUR SUKSES ABADI BERSAMA INDONESIA - Garut',1),(78,'2023-12-17 15:37:52',1,NULL,NULL,176,'PT. MAKMUR SUKSES ABADI BERSAMA INDONESIA - Tasikmalaya',1),(79,'2023-12-17 15:37:52',1,NULL,NULL,176,'PT. MEGA ELANG SUKSES - Sumbawa',1),(80,'2023-12-17 15:37:52',1,NULL,NULL,176,'PT. MEGA LOMBOK MANDIRI - Lombok Tengah',1),(81,'2023-12-17 15:37:52',1,NULL,NULL,176,'PT. MITRA PANGAN UTAMA - Kendari',1),(82,'2023-12-17 15:37:52',1,NULL,NULL,176,'PT. MULTIRASA JAYA BERSAMA - Rangkas Bitung',1),(83,'2023-12-17 15:37:52',1,NULL,NULL,176,'PT. MUSI DELICIOUS FOOD - Palembang',1),(84,'2023-12-17 15:37:52',1,NULL,NULL,176,'PT. PRAKARSA INDOCIPTA NUSANTARA - Polewali',1),(85,'2023-12-17 15:37:52',1,NULL,NULL,176,'PT. PROFIT FOODS TRADING -PASAR REBO',1),(86,'2023-12-17 15:37:52',1,NULL,NULL,176,'PT. PUSAKA ABADI FOOD - Sigli',1),(87,'2023-12-17 15:37:52',1,NULL,NULL,176,'PT. QUEEN ICE ASIA - Bangkalan',1),(88,'2023-12-17 15:37:52',1,NULL,NULL,176,'PT. RAJA ACEH MAKMUR - Aceh Timur',1),(89,'2023-12-17 15:37:52',1,NULL,NULL,176,'PT. RAJAWALI ASIA BALI - Bali',1),(90,'2023-12-17 15:37:52',1,NULL,NULL,176,'PT. REALLY DELICIOUS INDONESIA - Lumajang',1),(91,'2023-12-17 15:37:52',1,NULL,NULL,176,'PT. RUI XUE INTERNATIONAL - Sidoarjo',1),(92,'2023-12-17 15:37:52',1,NULL,NULL,176,'PT. SAMARINDA ANEKA FROZEN FOOD - Samarinda',1),(93,'2023-12-17 15:37:52',1,NULL,NULL,176,'PT. SENANG UNTUK BERBAGI - Wonogiri',1),(94,'2023-12-17 15:37:52',1,NULL,NULL,176,'PT. SENTOSA MEGA INDONESIA - Bulukumba',1),(95,'2023-12-17 15:37:52',1,NULL,NULL,176,'PT. SHENGLU ZANMEI INTERNATIONAL - Kenjeran',1),(96,'2023-12-17 15:37:52',1,NULL,NULL,176,'PT. SHUN FAT FOOD - Pare Pare',1),(97,'2023-12-17 15:37:52',1,NULL,NULL,176,'PT. SHUN ICE PRATAMA - Cianjur',1),(98,'2023-12-17 15:37:52',1,NULL,NULL,176,'PT. SHUN ICE PRATAMA - Sukabumi',1),(99,'2023-12-17 15:37:52',1,NULL,NULL,176,'PT. SHUNLI ANEKA FOOD - Balikpapan',1),(100,'2023-12-17 15:37:52',1,NULL,NULL,176,'PT. SINGULAR POINT ASIA - Madiun',1),(101,'2023-12-17 15:37:52',1,NULL,NULL,176,'PT. SOLO GREN FOODINDO - Solo',1),(102,'2023-12-17 15:37:52',1,NULL,NULL,176,'PT. SUMBER AJI JAYA - Bau Bau',1),(103,'2023-12-17 15:37:52',1,NULL,NULL,176,'PT. TANJUNG HARAPAN NUSANTARA - Cirebon',1),(104,'2023-12-17 15:37:52',1,NULL,NULL,176,'PT. TOP ESKRIM YUMMY - Jakarta Pusat',1),(105,'2023-12-17 15:37:52',1,NULL,NULL,176,'PT. TRI UNGGUL BOGAINDO - Depok',1),(106,'2023-12-17 15:37:52',1,NULL,NULL,176,'PT. VIN MAOYI INDONESIA - Majalengka',1),(107,'2023-12-17 15:37:52',1,NULL,NULL,176,'PT. XIN YANG FOOD INDONESIA - Semarang',1),(108,'2023-12-17 15:37:52',1,NULL,NULL,176,'PT. YANGS BOGA INDONESIA - Pekalongan',1),(109,'2023-12-17 15:37:52',1,NULL,NULL,176,'PT. YAZHOU MEI LING - Tuban',1),(110,'2023-12-17 15:37:52',1,NULL,NULL,176,'PT. YONG HONG INTERNATIONAL TRADING - Ambon',1),(111,'2023-12-17 15:37:52',1,NULL,NULL,176,'PT. YONG XING ABADI JAYA - Makassar',1),(112,'2023-12-17 15:37:52',1,NULL,NULL,176,'PT. YOUNG AND HEALTH INDONESIA - Palopo',1),(113,'2023-12-17 15:37:52',1,NULL,NULL,176,'PT. YOUYOU GLORY INDUSTRY - Bangka Belitung',1),(338,'2023-12-17 15:44:47',1,NULL,NULL,177,'CV. BINTANG KARYA ABADI - Pangkalan Bun',0),(339,'2023-12-17 15:44:47',1,NULL,NULL,177,'CV. Bintang Prima Sejati - Palangka Raya',0),(340,'2023-12-17 15:44:47',1,NULL,NULL,177,'CV. BLUE SKY SUCCES - Padang Bukit Tinggi',0),(341,'2023-12-17 15:44:47',1,NULL,NULL,177,'CV. CITRA MANDIRI - Palu',0),(342,'2023-12-17 15:44:47',1,NULL,NULL,177,'CV. GLOBAL SUKSES BERSAMA',0),(343,'2023-12-17 15:44:47',1,NULL,NULL,177,'CV. INDO JAYA MERDEKA - Dumai',0),(344,'2023-12-17 15:44:47',1,NULL,NULL,177,'CV. Intan Aice Food',0),(345,'2023-12-17 15:44:47',1,NULL,NULL,177,'CV. MAKMUR JAYA UNGGUL - Luwuk',0),(346,'2023-12-17 15:44:47',1,NULL,NULL,177,'CV. MEKAR LESTARI - Tembilahan',0),(347,'2023-12-17 15:44:47',1,NULL,NULL,177,'CV. MULTIRASA PRIMA - Lampung',0),(348,'2023-12-17 15:44:47',1,NULL,NULL,177,'CV. Prima Pelangi Rasa',0),(349,'2023-12-17 15:44:47',1,NULL,NULL,177,'PT. ABADI ICE CREAM MULTIRASA INDONESIA - Pekanbaru',0),(350,'2023-12-17 15:44:47',1,NULL,NULL,177,'PT. AKIRA KANAIK INDAH - Ciputat',1),(351,'2023-12-17 15:44:47',1,NULL,NULL,177,'PT. ALL DAY ICY - Klaten',0),(352,'2023-12-17 15:44:47',1,NULL,NULL,177,'PT. AMRATYA SAMUDERA PERKASA - Sorong',0),(353,'2023-12-17 15:44:47',1,NULL,NULL,177,'PT. ANEKA KARYA PRATAMA - Gorontalo',0),(354,'2023-12-17 15:44:47',1,NULL,NULL,177,'PT. ARATA JAYA MANDIRI - Buah Batu',0),(355,'2023-12-17 15:44:47',1,NULL,NULL,177,'PT. ARAZAAK MEGAH BERKAH - Jambi Modern Market',0),(356,'2023-12-17 15:44:47',1,NULL,NULL,177,'PT. ARTA BATAM CENDANA - Batam',0),(357,'2023-12-17 15:44:47',1,NULL,NULL,177,'PT. ARTA MILI AGUNG - Salatiga',0),(358,'2023-12-17 15:44:47',1,NULL,NULL,177,'PT. ARTHA MANDIRI GEMERLAP - Bekasi Modern Market',0),(359,'2023-12-17 15:44:47',1,NULL,NULL,177,'PT. ASCARYA SINAR KATULISTIWA - Tarakan',0),(360,'2023-12-17 15:44:47',1,NULL,NULL,177,'PT. ASIA NEW WORLD BUSINESS - Kediri',0),(361,'2023-12-17 15:44:47',1,NULL,NULL,177,'PT. BANJAR UTAMA ICECREAM - Banjarmasin',0),(362,'2023-12-17 15:44:47',1,NULL,NULL,177,'PT. BANYUWANGI ROYAL FOOD - Banyuwangi',0),(363,'2023-12-17 15:44:47',1,NULL,NULL,177,'PT. BING HAI INTERNATIONAL - Mojokerto',0),(364,'2023-12-17 15:44:47',1,NULL,NULL,177,'PT. BING XUEREN INTERNATIONAL - Gresik',0),(365,'2023-12-17 15:44:47',1,NULL,NULL,177,'PT. BIRU PERMATA NUSANTARA JAYA - Bengkulu',0),(366,'2023-12-17 15:44:47',1,NULL,NULL,177,'PT. BROTHER SAMUDRA SEJAHTERA - Purworejo',0),(367,'2023-12-17 15:44:47',1,NULL,NULL,177,'PT. CAHAYA BOGA DAIRYNDO - Bogor Modern Market',0),(368,'2023-12-17 15:44:47',1,NULL,NULL,177,'PT. CAKRAWALA SAMUDRA BIRU - Ternate',0),(369,'2023-12-17 15:44:47',1,NULL,NULL,177,'PT. CAPUNG MERAH NIAGA - Manado',0),(370,'2023-12-17 15:44:47',1,NULL,NULL,177,'PT. COOLING SHARE TRADING - Wonosobo',0),(371,'2023-12-17 15:44:47',1,NULL,NULL,177,'PT. DINGXIN BOGA INDONESIA - Tegal',0),(372,'2023-12-17 15:44:47',1,NULL,NULL,177,'PT. DONG FANG ZHI YIN - Pasuruan',0),(373,'2023-12-17 15:44:47',1,NULL,NULL,177,'PT. DOREMI ICE INDONESIA - Aceh',0),(374,'2023-12-17 15:44:47',1,NULL,NULL,177,'PT. FENGSHENG JAYA INDONESIA - Magelang',0),(375,'2023-12-17 15:44:47',1,NULL,NULL,177,'PT. FOUR CONTINENTAL TRADING - Jember',0),(376,'2023-12-17 15:44:47',1,NULL,NULL,177,'PT. GAYARI GLOBAL PERSADA - Medan MM',0),(377,'2023-12-17 15:44:47',1,NULL,NULL,177,'PT. GESNOW PENDO FOOD - Blitar',0),(378,'2023-12-17 15:44:47',1,NULL,NULL,177,'PT. GLOBAL ASIA HOME WORLD - Jombang',0),(379,'2023-12-17 15:44:47',1,NULL,NULL,177,'PT. GOLDEN ICE COOL - Probolinggo',0),(380,'2023-12-17 15:44:47',1,NULL,NULL,177,'PT. GOLDEN ICE COOL - Probolinggo 2',0),(381,'2023-12-17 15:44:47',1,NULL,NULL,177,'PT. GOLDEN SHIGOO FOODS - Subang',0),(382,'2023-12-17 15:44:47',1,NULL,NULL,177,'PT. GOOD AND NICE - Ujung Menteng',0),(383,'2023-12-17 15:44:47',1,NULL,NULL,177,'PT. HAO REN FOOD - Parigi',0),(384,'2023-12-17 15:44:47',1,NULL,NULL,177,'PT. HAPPY ICE CREAM - Ciamis',0),(385,'2023-12-17 15:44:47',1,NULL,NULL,177,'PT. HARAPAN EMAS NUSANTARA - Yogyakarta',0),(386,'2023-12-17 15:44:47',1,NULL,NULL,177,'PT. HASANAH MEGA CIPTA INDONESIA - Gowa',0),(387,'2023-12-17 15:44:47',1,NULL,NULL,177,'PT. HAVE VISION LIFE - Rantau Prapat',0),(388,'2023-12-17 15:44:47',1,NULL,NULL,177,'PT. HEALTHY AND DELICIOUS FOODS - Pamekasan',0),(389,'2023-12-17 15:44:47',1,NULL,NULL,177,'PT. HUA TONG ICE INDONESIA - Cilacap',0),(390,'2023-12-17 15:44:47',1,NULL,NULL,177,'PT. HUANG CHANG CHUN - Pematang Siantar',0),(391,'2023-12-17 15:44:47',1,NULL,NULL,177,'PT. HUI TONG GUO JII - Tulung Agung',0),(392,'2023-12-17 15:44:47',1,NULL,NULL,177,'PT. ICE CREAM NUSANTARA - Jaya Pura',0),(393,'2023-12-17 15:44:47',1,NULL,NULL,177,'PT. ICE CREAM YOULIKE - Daan Mogot',0),(394,'2023-12-17 15:44:47',1,NULL,NULL,177,'PT. ICE DREAMER ASIA - Lamongan',0),(395,'2023-12-17 15:44:47',1,NULL,NULL,177,'PT. ICE MAJU BERSAMA - Kupang',0),(396,'2023-12-17 15:44:47',1,NULL,NULL,177,'PT. INDAH GIAT BERSAMA - Ende',0),(397,'2023-12-17 15:44:47',1,NULL,NULL,177,'PT. INDO BALI SAMUDERA - Singaraja',0),(398,'2023-12-17 15:44:47',1,NULL,NULL,177,'PT. INDO MAI GOO - Malang',0),(399,'2023-12-17 15:44:47',1,NULL,NULL,177,'PT. INDO MUTIARA GEMILANG - Kudus',0),(400,'2023-12-17 15:44:47',1,NULL,NULL,177,'PT. JANUS GLOBAL TRADE - watampone',0),(401,'2023-12-17 15:44:47',1,NULL,NULL,177,'PT. JAYA ICE FOOD - Purwokerto',0),(402,'2023-12-17 15:44:47',1,NULL,NULL,177,'PT. JUMA TIGA SEANTERO - Kabanjahe',0),(403,'2023-12-17 15:44:47',1,NULL,NULL,177,'PT. JWL NIAGA INTERNATIONAL - Cikupa Tangerang',0),(404,'2023-12-17 15:44:47',1,NULL,NULL,177,'PT. KAPUAS INTAN TRASERNA FOOD - Singkawang',0),(405,'2023-12-17 15:44:47',1,NULL,NULL,177,'PT. KERAJAAN ICE INDONESIA - Pati',0),(406,'2023-12-17 15:44:47',1,NULL,NULL,177,'PT. KORINDO SUKSES ABADI - Surabaya',0),(407,'2023-12-17 15:44:47',1,NULL,NULL,177,'PT. KOTARAJA TANOH PUSAKA - Aceh Barat',0),(408,'2023-12-17 15:44:47',1,NULL,NULL,177,'PT. LIEN MAOYI INDONESIA - Purwakarta',0),(409,'2023-12-17 15:44:47',1,NULL,NULL,177,'PT. LIFA JAYA FOOD - Singkawang',0),(410,'2023-12-17 15:44:47',1,NULL,NULL,177,'PT. LISHENG TRADING INTERNATIONAL - Bojonegoro',0),(411,'2023-12-17 15:44:47',1,NULL,NULL,177,'PT. LOMBOK MULIA TERANG - Mataram',0),(412,'2023-12-17 15:44:47',1,NULL,NULL,177,'PT. LONG ICE SUCCESS INDONESIA - Grobongan',0),(413,'2023-12-17 15:44:47',1,NULL,NULL,177,'PT. MAKMUR SUKSES ABADI BERSAMA INDONESIA - Garut',0),(414,'2023-12-17 15:44:47',1,NULL,NULL,177,'PT. MAKMUR SUKSES ABADI BERSAMA INDONESIA - Tasikmalaya',0),(415,'2023-12-17 15:44:47',1,NULL,NULL,177,'PT. MEGA ELANG SUKSES - Sumbawa',0),(416,'2023-12-17 15:44:47',1,NULL,NULL,177,'PT. MEGA LOMBOK MANDIRI - Lombok Tengah',0),(417,'2023-12-17 15:44:47',1,NULL,NULL,177,'PT. MITRA PANGAN UTAMA - Kendari',0),(418,'2023-12-17 15:44:47',1,NULL,NULL,177,'PT. MULTIRASA JAYA BERSAMA - Rangkas Bitung',0),(419,'2023-12-17 15:44:47',1,NULL,NULL,177,'PT. MUSI DELICIOUS FOOD - Palembang',0),(420,'2023-12-17 15:44:47',1,NULL,NULL,177,'PT. PRAKARSA INDOCIPTA NUSANTARA - Polewali',0),(421,'2023-12-17 15:44:47',1,NULL,NULL,177,'PT. PROFIT FOODS TRADING -PASAR REBO',0),(422,'2023-12-17 15:44:47',1,NULL,NULL,177,'PT. PUSAKA ABADI FOOD - Sigli',0),(423,'2023-12-17 15:44:47',1,NULL,NULL,177,'PT. QUEEN ICE ASIA - Bangkalan',0),(424,'2023-12-17 15:44:47',1,NULL,NULL,177,'PT. RAJA ACEH MAKMUR - Aceh Timur',0),(425,'2023-12-17 15:44:47',1,NULL,NULL,177,'PT. RAJAWALI ASIA BALI - Bali',0),(426,'2023-12-17 15:44:47',1,NULL,NULL,177,'PT. REALLY DELICIOUS INDONESIA - Lumajang',0),(427,'2023-12-17 15:44:47',1,NULL,NULL,177,'PT. RUI XUE INTERNATIONAL - Sidoarjo',0),(428,'2023-12-17 15:44:47',1,NULL,NULL,177,'PT. SAMARINDA ANEKA FROZEN FOOD - Samarinda',0),(429,'2023-12-17 15:44:47',1,NULL,NULL,177,'PT. SENANG UNTUK BERBAGI - Wonogiri',0),(430,'2023-12-17 15:44:47',1,NULL,NULL,177,'PT. SENTOSA MEGA INDONESIA - Bulukumba',0),(431,'2023-12-17 15:44:47',1,NULL,NULL,177,'PT. SHENGLU ZANMEI INTERNATIONAL - Kenjeran',0),(432,'2023-12-17 15:44:47',1,NULL,NULL,177,'PT. SHUN FAT FOOD - Pare Pare',0),(433,'2023-12-17 15:44:47',1,NULL,NULL,177,'PT. SHUN ICE PRATAMA - Cianjur',0),(434,'2023-12-17 15:44:47',1,NULL,NULL,177,'PT. SHUN ICE PRATAMA - Sukabumi',0),(435,'2023-12-17 15:44:47',1,NULL,NULL,177,'PT. SHUNLI ANEKA FOOD - Balikpapan',0),(436,'2023-12-17 15:44:47',1,NULL,NULL,177,'PT. SINGULAR POINT ASIA - Madiun',0),(437,'2023-12-17 15:44:47',1,NULL,NULL,177,'PT. SOLO GREN FOODINDO - Solo',0),(438,'2023-12-17 15:44:47',1,NULL,NULL,177,'PT. SUMBER AJI JAYA - Bau Bau',0),(439,'2023-12-17 15:44:47',1,NULL,NULL,177,'PT. TANJUNG HARAPAN NUSANTARA - Cirebon',0),(440,'2023-12-17 15:44:47',1,NULL,NULL,177,'PT. TOP ESKRIM YUMMY - Jakarta Pusat',0),(441,'2023-12-17 15:44:47',1,NULL,NULL,177,'PT. TRI UNGGUL BOGAINDO - Depok',0),(442,'2023-12-17 15:44:47',1,NULL,NULL,177,'PT. VIN MAOYI INDONESIA - Majalengka',0),(443,'2023-12-17 15:44:47',1,NULL,NULL,177,'PT. XIN YANG FOOD INDONESIA - Semarang',0),(444,'2023-12-17 15:44:47',1,NULL,NULL,177,'PT. YANGS BOGA INDONESIA - Pekalongan',0),(445,'2023-12-17 15:44:47',1,NULL,NULL,177,'PT. YAZHOU MEI LING - Tuban',0),(446,'2023-12-17 15:44:47',1,NULL,NULL,177,'PT. YONG HONG INTERNATIONAL TRADING - Ambon',0),(447,'2023-12-17 15:44:47',1,NULL,NULL,177,'PT. YONG XING ABADI JAYA - Makassar',0),(448,'2023-12-17 15:44:47',1,NULL,NULL,177,'PT. YOUNG AND HEALTH INDONESIA - Palopo',0),(449,'2023-12-17 15:44:47',1,NULL,NULL,177,'PT. YOUYOU GLORY INDUSTRY - Bangka Belitung',0),(450,'2023-12-17 15:44:55',1,NULL,NULL,178,'CV. BINTANG KARYA ABADI - Pangkalan Bun',0),(451,'2023-12-17 15:44:55',1,NULL,NULL,178,'CV. Bintang Prima Sejati - Palangka Raya',0),(452,'2023-12-17 15:44:55',1,NULL,NULL,178,'CV. BLUE SKY SUCCES - Padang Bukit Tinggi',0),(453,'2023-12-17 15:44:55',1,NULL,NULL,178,'CV. CITRA MANDIRI - Palu',0),(454,'2023-12-17 15:44:55',1,NULL,NULL,178,'CV. GLOBAL SUKSES BERSAMA',0),(455,'2023-12-17 15:44:55',1,NULL,NULL,178,'CV. INDO JAYA MERDEKA - Dumai',0),(456,'2023-12-17 15:44:55',1,NULL,NULL,178,'CV. Intan Aice Food',0),(457,'2023-12-17 15:44:55',1,NULL,NULL,178,'CV. MAKMUR JAYA UNGGUL - Luwuk',0),(458,'2023-12-17 15:44:55',1,NULL,NULL,178,'CV. MEKAR LESTARI - Tembilahan',0),(459,'2023-12-17 15:44:55',1,NULL,NULL,178,'CV. MULTIRASA PRIMA - Lampung',0),(460,'2023-12-17 15:44:55',1,NULL,NULL,178,'CV. Prima Pelangi Rasa',0),(461,'2023-12-17 15:44:55',1,NULL,NULL,178,'PT. ABADI ICE CREAM MULTIRASA INDONESIA - Pekanbaru',0),(462,'2023-12-17 15:44:55',1,NULL,NULL,178,'PT. AKIRA KANAIK INDAH - Ciputat',0),(463,'2023-12-17 15:44:55',1,NULL,NULL,178,'PT. ALL DAY ICY - Klaten',0),(464,'2023-12-17 15:44:55',1,NULL,NULL,178,'PT. AMRATYA SAMUDERA PERKASA - Sorong',0),(465,'2023-12-17 15:44:55',1,NULL,NULL,178,'PT. ANEKA KARYA PRATAMA - Gorontalo',0),(466,'2023-12-17 15:44:55',1,NULL,NULL,178,'PT. ARATA JAYA MANDIRI - Buah Batu',0),(467,'2023-12-17 15:44:55',1,NULL,NULL,178,'PT. ARAZAAK MEGAH BERKAH - Jambi Modern Market',0),(468,'2023-12-17 15:44:55',1,NULL,NULL,178,'PT. ARTA BATAM CENDANA - Batam',0),(469,'2023-12-17 15:44:55',1,NULL,NULL,178,'PT. ARTA MILI AGUNG - Salatiga',0),(470,'2023-12-17 15:44:55',1,NULL,NULL,178,'PT. ARTHA MANDIRI GEMERLAP - Bekasi Modern Market',0),(471,'2023-12-17 15:44:55',1,NULL,NULL,178,'PT. ASCARYA SINAR KATULISTIWA - Tarakan',0),(472,'2023-12-17 15:44:55',1,NULL,NULL,178,'PT. ASIA NEW WORLD BUSINESS - Kediri',0),(473,'2023-12-17 15:44:55',1,NULL,NULL,178,'PT. BANJAR UTAMA ICECREAM - Banjarmasin',0),(474,'2023-12-17 15:44:55',1,NULL,NULL,178,'PT. BANYUWANGI ROYAL FOOD - Banyuwangi',0),(475,'2023-12-17 15:44:55',1,NULL,NULL,178,'PT. BING HAI INTERNATIONAL - Mojokerto',0),(476,'2023-12-17 15:44:55',1,NULL,NULL,178,'PT. BING XUEREN INTERNATIONAL - Gresik',0),(477,'2023-12-17 15:44:55',1,NULL,NULL,178,'PT. BIRU PERMATA NUSANTARA JAYA - Bengkulu',0),(478,'2023-12-17 15:44:55',1,NULL,NULL,178,'PT. BROTHER SAMUDRA SEJAHTERA - Purworejo',0),(479,'2023-12-17 15:44:55',1,NULL,NULL,178,'PT. CAHAYA BOGA DAIRYNDO - Bogor Modern Market',0),(480,'2023-12-17 15:44:55',1,NULL,NULL,178,'PT. CAKRAWALA SAMUDRA BIRU - Ternate',0),(481,'2023-12-17 15:44:55',1,NULL,NULL,178,'PT. CAPUNG MERAH NIAGA - Manado',0),(482,'2023-12-17 15:44:55',1,NULL,NULL,178,'PT. COOLING SHARE TRADING - Wonosobo',0),(483,'2023-12-17 15:44:55',1,NULL,NULL,178,'PT. DINGXIN BOGA INDONESIA - Tegal',0),(484,'2023-12-17 15:44:55',1,NULL,NULL,178,'PT. DONG FANG ZHI YIN - Pasuruan',0),(485,'2023-12-17 15:44:55',1,NULL,NULL,178,'PT. DOREMI ICE INDONESIA - Aceh',0),(486,'2023-12-17 15:44:55',1,NULL,NULL,178,'PT. FENGSHENG JAYA INDONESIA - Magelang',0),(487,'2023-12-17 15:44:55',1,NULL,NULL,178,'PT. FOUR CONTINENTAL TRADING - Jember',0),(488,'2023-12-17 15:44:55',1,NULL,NULL,178,'PT. GAYARI GLOBAL PERSADA - Medan MM',0),(489,'2023-12-17 15:44:55',1,NULL,NULL,178,'PT. GESNOW PENDO FOOD - Blitar',0),(490,'2023-12-17 15:44:55',1,NULL,NULL,178,'PT. GLOBAL ASIA HOME WORLD - Jombang',0),(491,'2023-12-17 15:44:55',1,NULL,NULL,178,'PT. GOLDEN ICE COOL - Probolinggo',0),(492,'2023-12-17 15:44:55',1,NULL,NULL,178,'PT. GOLDEN ICE COOL - Probolinggo 2',0),(493,'2023-12-17 15:44:55',1,NULL,NULL,178,'PT. GOLDEN SHIGOO FOODS - Subang',0),(494,'2023-12-17 15:44:55',1,NULL,NULL,178,'PT. GOOD AND NICE - Ujung Menteng',0),(495,'2023-12-17 15:44:55',1,NULL,NULL,178,'PT. HAO REN FOOD - Parigi',0),(496,'2023-12-17 15:44:55',1,NULL,NULL,178,'PT. HAPPY ICE CREAM - Ciamis',0),(497,'2023-12-17 15:44:55',1,NULL,NULL,178,'PT. HARAPAN EMAS NUSANTARA - Yogyakarta',0),(498,'2023-12-17 15:44:55',1,NULL,NULL,178,'PT. HASANAH MEGA CIPTA INDONESIA - Gowa',0),(499,'2023-12-17 15:44:55',1,NULL,NULL,178,'PT. HAVE VISION LIFE - Rantau Prapat',0),(500,'2023-12-17 15:44:55',1,NULL,NULL,178,'PT. HEALTHY AND DELICIOUS FOODS - Pamekasan',0),(501,'2023-12-17 15:44:55',1,NULL,NULL,178,'PT. HUA TONG ICE INDONESIA - Cilacap',0),(502,'2023-12-17 15:44:55',1,NULL,NULL,178,'PT. HUANG CHANG CHUN - Pematang Siantar',0),(503,'2023-12-17 15:44:55',1,NULL,NULL,178,'PT. HUI TONG GUO JII - Tulung Agung',0),(504,'2023-12-17 15:44:55',1,NULL,NULL,178,'PT. ICE CREAM NUSANTARA - Jaya Pura',0),(505,'2023-12-17 15:44:55',1,NULL,NULL,178,'PT. ICE CREAM YOULIKE - Daan Mogot',1),(506,'2023-12-17 15:44:55',1,NULL,NULL,178,'PT. ICE DREAMER ASIA - Lamongan',0),(507,'2023-12-17 15:44:55',1,NULL,NULL,178,'PT. ICE MAJU BERSAMA - Kupang',0),(508,'2023-12-17 15:44:55',1,NULL,NULL,178,'PT. INDAH GIAT BERSAMA - Ende',0),(509,'2023-12-17 15:44:55',1,NULL,NULL,178,'PT. INDO BALI SAMUDERA - Singaraja',0),(510,'2023-12-17 15:44:55',1,NULL,NULL,178,'PT. INDO MAI GOO - Malang',0),(511,'2023-12-17 15:44:55',1,NULL,NULL,178,'PT. INDO MUTIARA GEMILANG - Kudus',0),(512,'2023-12-17 15:44:55',1,NULL,NULL,178,'PT. JANUS GLOBAL TRADE - watampone',0),(513,'2023-12-17 15:44:55',1,NULL,NULL,178,'PT. JAYA ICE FOOD - Purwokerto',0),(514,'2023-12-17 15:44:55',1,NULL,NULL,178,'PT. JUMA TIGA SEANTERO - Kabanjahe',0),(515,'2023-12-17 15:44:55',1,NULL,NULL,178,'PT. JWL NIAGA INTERNATIONAL - Cikupa Tangerang',0),(516,'2023-12-17 15:44:55',1,NULL,NULL,178,'PT. KAPUAS INTAN TRASERNA FOOD - Singkawang',0),(517,'2023-12-17 15:44:56',1,NULL,NULL,178,'PT. KERAJAAN ICE INDONESIA - Pati',0),(518,'2023-12-17 15:44:56',1,NULL,NULL,178,'PT. KORINDO SUKSES ABADI - Surabaya',0),(519,'2023-12-17 15:44:56',1,NULL,NULL,178,'PT. KOTARAJA TANOH PUSAKA - Aceh Barat',0),(520,'2023-12-17 15:44:56',1,NULL,NULL,178,'PT. LIEN MAOYI INDONESIA - Purwakarta',0),(521,'2023-12-17 15:44:56',1,NULL,NULL,178,'PT. LIFA JAYA FOOD - Singkawang',0),(522,'2023-12-17 15:44:56',1,NULL,NULL,178,'PT. LISHENG TRADING INTERNATIONAL - Bojonegoro',0),(523,'2023-12-17 15:44:56',1,NULL,NULL,178,'PT. LOMBOK MULIA TERANG - Mataram',0),(524,'2023-12-17 15:44:56',1,NULL,NULL,178,'PT. LONG ICE SUCCESS INDONESIA - Grobongan',0),(525,'2023-12-17 15:44:56',1,NULL,NULL,178,'PT. MAKMUR SUKSES ABADI BERSAMA INDONESIA - Garut',0),(526,'2023-12-17 15:44:56',1,NULL,NULL,178,'PT. MAKMUR SUKSES ABADI BERSAMA INDONESIA - Tasikmalaya',0),(527,'2023-12-17 15:44:56',1,NULL,NULL,178,'PT. MEGA ELANG SUKSES - Sumbawa',0),(528,'2023-12-17 15:44:56',1,NULL,NULL,178,'PT. MEGA LOMBOK MANDIRI - Lombok Tengah',0),(529,'2023-12-17 15:44:56',1,NULL,NULL,178,'PT. MITRA PANGAN UTAMA - Kendari',0),(530,'2023-12-17 15:44:56',1,NULL,NULL,178,'PT. MULTIRASA JAYA BERSAMA - Rangkas Bitung',0),(531,'2023-12-17 15:44:56',1,NULL,NULL,178,'PT. MUSI DELICIOUS FOOD - Palembang',0),(532,'2023-12-17 15:44:56',1,NULL,NULL,178,'PT. PRAKARSA INDOCIPTA NUSANTARA - Polewali',0),(533,'2023-12-17 15:44:56',1,NULL,NULL,178,'PT. PROFIT FOODS TRADING -PASAR REBO',0),(534,'2023-12-17 15:44:56',1,NULL,NULL,178,'PT. PUSAKA ABADI FOOD - Sigli',0),(535,'2023-12-17 15:44:56',1,NULL,NULL,178,'PT. QUEEN ICE ASIA - Bangkalan',0),(536,'2023-12-17 15:44:56',1,NULL,NULL,178,'PT. RAJA ACEH MAKMUR - Aceh Timur',0),(537,'2023-12-17 15:44:56',1,NULL,NULL,178,'PT. RAJAWALI ASIA BALI - Bali',0),(538,'2023-12-17 15:44:56',1,NULL,NULL,178,'PT. REALLY DELICIOUS INDONESIA - Lumajang',0),(539,'2023-12-17 15:44:56',1,NULL,NULL,178,'PT. RUI XUE INTERNATIONAL - Sidoarjo',0),(540,'2023-12-17 15:44:56',1,NULL,NULL,178,'PT. SAMARINDA ANEKA FROZEN FOOD - Samarinda',0),(541,'2023-12-17 15:44:56',1,NULL,NULL,178,'PT. SENANG UNTUK BERBAGI - Wonogiri',0),(542,'2023-12-17 15:44:56',1,NULL,NULL,178,'PT. SENTOSA MEGA INDONESIA - Bulukumba',0),(543,'2023-12-17 15:44:56',1,NULL,NULL,178,'PT. SHENGLU ZANMEI INTERNATIONAL - Kenjeran',0),(544,'2023-12-17 15:44:56',1,NULL,NULL,178,'PT. SHUN FAT FOOD - Pare Pare',0),(545,'2023-12-17 15:44:56',1,NULL,NULL,178,'PT. SHUN ICE PRATAMA - Cianjur',0),(546,'2023-12-17 15:44:56',1,NULL,NULL,178,'PT. SHUN ICE PRATAMA - Sukabumi',0),(547,'2023-12-17 15:44:56',1,NULL,NULL,178,'PT. SHUNLI ANEKA FOOD - Balikpapan',0),(548,'2023-12-17 15:44:56',1,NULL,NULL,178,'PT. SINGULAR POINT ASIA - Madiun',0),(549,'2023-12-17 15:44:56',1,NULL,NULL,178,'PT. SOLO GREN FOODINDO - Solo',0),(550,'2023-12-17 15:44:56',1,NULL,NULL,178,'PT. SUMBER AJI JAYA - Bau Bau',0),(551,'2023-12-17 15:44:56',1,NULL,NULL,178,'PT. TANJUNG HARAPAN NUSANTARA - Cirebon',0),(552,'2023-12-17 15:44:56',1,NULL,NULL,178,'PT. TOP ESKRIM YUMMY - Jakarta Pusat',0),(553,'2023-12-17 15:44:56',1,NULL,NULL,178,'PT. TRI UNGGUL BOGAINDO - Depok',0),(554,'2023-12-17 15:44:56',1,NULL,NULL,178,'PT. VIN MAOYI INDONESIA - Majalengka',0),(555,'2023-12-17 15:44:56',1,NULL,NULL,178,'PT. XIN YANG FOOD INDONESIA - Semarang',0),(556,'2023-12-17 15:44:56',1,NULL,NULL,178,'PT. YANGS BOGA INDONESIA - Pekalongan',0),(557,'2023-12-17 15:44:56',1,NULL,NULL,178,'PT. YAZHOU MEI LING - Tuban',0),(558,'2023-12-17 15:44:56',1,NULL,NULL,178,'PT. YONG HONG INTERNATIONAL TRADING - Ambon',0),(559,'2023-12-17 15:44:56',1,NULL,NULL,178,'PT. YONG XING ABADI JAYA - Makassar',0),(560,'2023-12-17 15:44:56',1,NULL,NULL,178,'PT. YOUNG AND HEALTH INDONESIA - Palopo',0),(561,'2023-12-17 15:44:56',1,NULL,NULL,178,'PT. YOUYOU GLORY INDUSTRY - Bangka Belitung',0);
/*!40000 ALTER TABLE `tb_user_market` ENABLE KEYS */;
UNLOCK TABLES;

--
-- Table structure for table `tb_user_menu`
--

DROP TABLE IF EXISTS `tb_user_menu`;
/*!40101 SET @saved_cs_client     = @@character_set_client */;
/*!40101 SET character_set_client = utf8 */;
CREATE TABLE `tb_user_menu` (
  `tbum_id` int(11) NOT NULL AUTO_INCREMENT,
  `tbum_create_date` datetime DEFAULT NULL,
  `tbum_create_id` int(11) DEFAULT NULL,
  `tbum_update_date` datetime DEFAULT NULL,
  `tbum_update_id` int(11) DEFAULT NULL,
  `tbu_id` int(11) DEFAULT NULL,
  `tbm_id` int(11) DEFAULT NULL,
  `tbum_add` int(11) DEFAULT NULL,
  `tbum_edit` int(11) DEFAULT NULL,
  `tbum_delete` int(11) DEFAULT NULL,
  `tbum_view` int(11) DEFAULT NULL,
  PRIMARY KEY (`tbum_id`),
  KEY `tb_user_menu_tbu_id_index` (`tbu_id`),
  KEY `tb_user_menu_tbm_id_index` (`tbm_id`)
) ENGINE=InnoDB AUTO_INCREMENT=2228 DEFAULT CHARSET=utf8mb4 COLLATE=utf8mb4_general_ci;
/*!40101 SET character_set_client = @saved_cs_client */;

--
-- Dumping data for table `tb_user_menu`
--

LOCK TABLES `tb_user_menu` WRITE;
/*!40000 ALTER TABLE `tb_user_menu` DISABLE KEYS */;
INSERT INTO `tb_user_menu` VALUES (1949,'2023-11-21 11:24:17',24,NULL,NULL,1,8,1,1,1,1),(1950,'2023-11-21 11:24:17',24,NULL,NULL,1,1,1,1,1,1),(1951,'2023-11-21 11:24:17',24,NULL,NULL,1,9,1,1,1,1),(1952,'2023-11-21 11:24:17',24,NULL,NULL,1,2,1,1,1,1),(1953,'2023-11-21 11:24:17',24,NULL,NULL,1,3,1,1,1,1),(1954,'2023-11-21 11:24:17',24,NULL,NULL,1,4,1,1,1,1),(1955,'2023-11-21 11:24:17',24,NULL,NULL,1,5,1,1,1,1),(1956,'2023-11-21 11:24:17',24,NULL,NULL,1,7,1,1,1,1),(1957,'2023-11-21 11:24:17',24,NULL,NULL,1,6,1,1,1,1),(2183,'2023-12-17 15:37:52',1,NULL,NULL,176,8,0,0,0,1),(2184,'2023-12-17 15:37:52',1,NULL,NULL,176,1,0,0,0,1),(2185,'2023-12-17 15:37:52',1,NULL,NULL,176,9,0,0,0,0),(2186,'2023-12-17 15:37:52',1,NULL,NULL,176,2,0,0,0,1),(2187,'2023-12-17 15:37:52',1,NULL,NULL,176,3,0,0,0,0),(2188,'2023-12-17 15:37:52',1,NULL,NULL,176,4,0,0,0,0),(2189,'2023-12-17 15:37:52',1,NULL,NULL,176,5,0,0,0,1),(2190,'2023-12-17 15:37:52',1,NULL,NULL,176,7,0,0,0,0),(2191,'2023-12-17 15:37:52',1,NULL,NULL,176,6,0,0,0,0),(2210,'2023-12-17 15:44:47',1,NULL,NULL,177,8,0,0,0,1),(2211,'2023-12-17 15:44:47',1,NULL,NULL,177,1,0,0,0,1),(2212,'2023-12-17 15:44:47',1,NULL,NULL,177,9,0,0,0,0),(2213,'2023-12-17 15:44:47',1,NULL,NULL,177,2,0,0,0,1),(2214,'2023-12-17 15:44:47',1,NULL,NULL,177,3,0,0,0,0),(2215,'2023-12-17 15:44:47',1,NULL,NULL,177,4,0,0,0,1),(2216,'2023-12-17 15:44:47',1,NULL,NULL,177,5,0,0,0,1),(2217,'2023-12-17 15:44:47',1,NULL,NULL,177,7,0,0,0,0),(2218,'2023-12-17 15:44:47',1,NULL,NULL,177,6,0,0,0,0),(2219,'2023-12-17 15:44:55',1,NULL,NULL,178,8,0,0,0,1),(2220,'2023-12-17 15:44:55',1,NULL,NULL,178,1,0,0,0,1),(2221,'2023-12-17 15:44:55',1,NULL,NULL,178,9,0,0,0,0),(2222,'2023-12-17 15:44:55',1,NULL,NULL,178,2,0,0,0,1),(2223,'2023-12-17 15:44:55',1,NULL,NULL,178,3,0,0,0,0),(2224,'2023-12-17 15:44:55',1,NULL,NULL,178,4,0,0,0,1),(2225,'2023-12-17 15:44:55',1,NULL,NULL,178,5,0,0,0,1),(2226,'2023-12-17 15:44:55',1,NULL,NULL,178,7,0,0,0,0),(2227,'2023-12-17 15:44:55',1,NULL,NULL,178,6,0,0,0,0);
/*!40000 ALTER TABLE `tb_user_menu` ENABLE KEYS */;
UNLOCK TABLES;

--
-- Temporary table structure for view `view_user_brand`
--

DROP TABLE IF EXISTS `view_user_brand`;
/*!50001 DROP VIEW IF EXISTS `view_user_brand`*/;
SET @saved_cs_client     = @@character_set_client;
SET character_set_client = utf8;
/*!50001 CREATE VIEW `view_user_brand` AS SELECT
 1 AS `uuid`,
  1 AS `tbu_id`,
  1 AS `tbu_email`,
  1 AS `tbu_firstname`,
  1 AS `tbu_lastname`,
  1 AS `tbb_brand`,
  1 AS `tbb_brand_id`,
  1 AS `tbb_brand_check` */;
SET character_set_client = @saved_cs_client;

--
-- Temporary table structure for view `view_user_menu`
--

DROP TABLE IF EXISTS `view_user_menu`;
/*!50001 DROP VIEW IF EXISTS `view_user_menu`*/;
SET @saved_cs_client     = @@character_set_client;
SET character_set_client = utf8;
/*!50001 CREATE VIEW `view_user_menu` AS SELECT
 1 AS `uuid`,
  1 AS `tbu_id`,
  1 AS `tbu_email`,
  1 AS `tbu_firstname`,
  1 AS `tbu_lastname`,
  1 AS `tbm_id`,
  1 AS `tbm_name`,
  1 AS `tbum_add`,
  1 AS `tbum_edit`,
  1 AS `tbum_delete`,
  1 AS `tbum_view`,
  1 AS `tbm_sort` */;
SET character_set_client = @saved_cs_client;

--
-- Final view structure for view `view_user_brand`
--

/*!50001 DROP VIEW IF EXISTS `view_user_brand`*/;
/*!50001 SET @saved_cs_client          = @@character_set_client */;
/*!50001 SET @saved_cs_results         = @@character_set_results */;
/*!50001 SET @saved_col_connection     = @@collation_connection */;
/*!50001 SET character_set_client      = utf8mb4 */;
/*!50001 SET character_set_results     = utf8mb4 */;
/*!50001 SET collation_connection      = utf8mb4_general_ci */;
/*!50001 CREATE ALGORITHM=UNDEFINED */
/*!50013 DEFINER=`root`@`localhost` SQL SECURITY DEFINER */
/*!50001 VIEW `view_user_brand` AS select uuid() AS `uuid`,`tbu`.`tbu_id` AS `tbu_id`,`tbu`.`tbu_email` AS `tbu_email`,`tbu`.`tbu_firstname` AS `tbu_firstname`,`tbu`.`tbu_lastname` AS `tbu_lastname`,`tbub`.`tbb_brand` AS `tbb_brand`,`tbub`.`tbb_brand_id` AS `tbb_brand_id`,`tbub`.`tbb_brand_check` AS `tbb_brand_check` from (`tb_user` `tbu` join `tb_user_brand` `tbub` on(`tbu`.`tbu_id` = `tbub`.`tbu_id`)) */;
/*!50001 SET character_set_client      = @saved_cs_client */;
/*!50001 SET character_set_results     = @saved_cs_results */;
/*!50001 SET collation_connection      = @saved_col_connection */;

--
-- Final view structure for view `view_user_menu`
--

/*!50001 DROP VIEW IF EXISTS `view_user_menu`*/;
/*!50001 SET @saved_cs_client          = @@character_set_client */;
/*!50001 SET @saved_cs_results         = @@character_set_results */;
/*!50001 SET @saved_col_connection     = @@collation_connection */;
/*!50001 SET character_set_client      = utf8mb4 */;
/*!50001 SET character_set_results     = utf8mb4 */;
/*!50001 SET collation_connection      = utf8mb4_general_ci */;
/*!50001 CREATE ALGORITHM=UNDEFINED */
/*!50013 DEFINER=`root`@`localhost` SQL SECURITY DEFINER */
/*!50001 VIEW `view_user_menu` AS select uuid() AS `uuid`,`tbu`.`tbu_id` AS `tbu_id`,`tbu`.`tbu_email` AS `tbu_email`,`tbu`.`tbu_firstname` AS `tbu_firstname`,`tbu`.`tbu_lastname` AS `tbu_lastname`,`tbm`.`tbm_id` AS `tbm_id`,`tbm`.`tbm_name` AS `tbm_name`,`tbum`.`tbum_add` AS `tbum_add`,`tbum`.`tbum_edit` AS `tbum_edit`,`tbum`.`tbum_delete` AS `tbum_delete`,`tbum`.`tbum_view` AS `tbum_view`,`tbm`.`tbm_sort` AS `tbm_sort` from ((`tb_user` `tbu` join `tb_user_menu` `tbum` on(`tbu`.`tbu_id` = `tbum`.`tbu_id`)) join `tb_menu` `tbm` on(`tbum`.`tbm_id` = `tbm`.`tbm_id`)) */;
/*!50001 SET character_set_client      = @saved_cs_client */;
/*!50001 SET character_set_results     = @saved_cs_results */;
/*!50001 SET collation_connection      = @saved_col_connection */;
/*!40103 SET TIME_ZONE=@OLD_TIME_ZONE */;

/*!40101 SET SQL_MODE=@OLD_SQL_MODE */;
/*!40014 SET FOREIGN_KEY_CHECKS=@OLD_FOREIGN_KEY_CHECKS */;
/*!40014 SET UNIQUE_CHECKS=@OLD_UNIQUE_CHECKS */;
/*!40101 SET CHARACTER_SET_CLIENT=@OLD_CHARACTER_SET_CLIENT */;
/*!40101 SET CHARACTER_SET_RESULTS=@OLD_CHARACTER_SET_RESULTS */;
/*!40101 SET COLLATION_CONNECTION=@OLD_COLLATION_CONNECTION */;
/*!40111 SET SQL_NOTES=@OLD_SQL_NOTES */;

-- Dump completed on 2023-12-17 23:17:50
